00000010100000000000011100000000110000001000001111000000000001010001010100000010000011110100000000000000000100000000101111100000000000111100000001000000000000000000000101010000000000000101011111110001110000000000000000101010100001010000101111110000000000001010100000001000001111000000000000000000001010000010000000011111100000000011000000011111010101110101010100000000000000000100000000011100000000000000000000000000100000000000000000011100000000000000000001111000000000000000000000000101100000000000000001111000
00000011111000000100111111010111111000111111111111111111100111100001111111001110101111111111000000111010011100000000111111111000000011111111000111110000000111100000001111111100000000111111111111110111111000011110000000011111100001110000111111111000011100001110101000111111111111000000000000011000001110001110000000111111100110000011100000001110011111111111111111000001111000001110000000111111000000000111000011000001111100000010000000011110000001110100000001111000101111111111100011011111110000111111100001111100
00001011101000000101111111111111110000111111111111111111111111111111111111001111111111111111000011111110111111000111111111111110001111111111110101111110000111111110111111111100000000111111111111110011111111111111100001111111110001111111111011111101111111111110100000111111111111111100000111111110001111001111100001111111111000000010000000001011111111111111111111100001111110111110000011111110000111111111100111110111111110000111111000111100001111111111111111111100111111111111101111111111111000111111111111111100
00100010101110000001010011111111100000111111111111111111111111100011111111011111111110001111001111111111111101000111111111111110001111111111010001111110000111111100111111111111110001010111111111100001111111111111001010011111100011111111111011111101111111111111100001111111111111111110000111111111101011111111110001111111100011000000000001000000111111111111111111110011111110111111001111111110000111111111101111111111111110000111100011111111000111111111101011101000111111111111111111111100111100111111111111111110
00000010000000001110000001111111100000111111111110111111111111111111111111111111111110001111111111111111111111111111111111111111111111110100010000111111100001010101111111111111110100000011111011100000111111110111111111111111111110111111111111111111111111111100000000111111110111111100001111111111100011111111100011111010100001111000000100000011111111111111111111110001111000111111111111111010010111111111111111111111011111000111110000000111000111111111111111101110001111111111101111111100111100011111011111111111
00001110000001111111000000111111110000111111111100111111011111111111111111111010111100000111111111111111111111111111111111111111111111000111000000011111110001010000111111010111111100000001111111101000011111110101000110000111111111001111111111111111111111111111100000011111111111111100001111111111110001111111110001111111100011111100000111000011010111111111111111100011110000011111111111111000011101111111111110111100001111011111110001111111110111111111111111100110001111111111101111111010111100011110001111111110
00001111000001111111000000111111110001111111111000111110000111111111111111101000011111011111101110111111111111111111110001111111111111101111000101111111111101000000111111111111111110000001111010101001111111110100000011100111111110001111111111111111111111111000001000001111000111111110011111011111100011111111100011111111110001111111011111111111110000001010001100000001110001111111111111111100111101111111111110001000001111111111111000011111110101111011111111111111001111111111101111111011111111111111011111111110
00111111000000111111010010111111111000111111111000011111000101011111111111111000011101111111000010011100001111111111111000111111111110101111000111111111111100000000111111111111111110000001111111111111111111111110000000000011111100010000001011111111111111111110101010000011111111111111111111000111110011111111110001111111111001111111111111111101000000111000000000000011100000000111111111111100111000111001111111100000001111111111110001111111111111111111111111111111001111110111111111111011111110111111111111111100
01111111000000001111111111111111110000111111111000011111111101011111111111110000011111111111000000010000000001111111111010111111111000000111000111111111111110000010101111111111111111100111111110000011111101111100000111110111111100011111111011111111110111101110111110000111111111111111111110000111100111111111100001011111110101011111111111111110000000100000011100011111110111100111111111111100111100111100011111111011111111111111111000111011111111110010111111111110000111111111111111111111110111000111111111111100
11111110000000000111110111111110100000111111110000000111111111000111111111100000001111111111100000011000000000011111111110101111111101111111000111111111111110001011111111111111111111111111111111110000111101111111111111000111111100111111111111111111100111111111111011101011111111111111111111101000000111111111111000111111111111001111111111110000000011111000011101111111110111000111111111111111111000111101111111111111111111111111110001100010111111111010111111111110000011111111111111111111110101000011111000111000
01111000000000000111110101111111100000111111111110000111111111111111111111111100011111110111110000111110000000001111111100001111111111000000000010000111111100000111111111111111111111111111111100000000111001111000111111111111111110111111111111111111100011111111111111111111110111111111111101111100000111111111111000001111001111111111100111111110001011111000010001111111011111000111111111101001110001111111100001111111111111111111110001110001111111111000111111111000011100111111111111111111110111110111111010111100
11110000000111011111100001111111000011111111110000000001111111111111111111111111010111000011110000111110000000001111110110001010011111110001010000111111111100011111111111111111111111111110100001110000011000110001111111111111111111111111111111111111111111111111111111111111110111111111110111111000001111111111111100001001110111111111000011100010100011111100000111111111000111000111101100011111110000111111110001110111111111111111111011111111111111111001111111110000111001111111111101111111110001111111111010000000
01111010101111111110100001111111110011111001111111000000111111111111111111111101000111100011111101111111111110011111110001101011111111100001110000011111110000000011111111111111111111111100000000110000001111110000111111111111111111101111111111111111110111111111111111111111111110101111111111111100011111111111111000111000000111111111101111111111000011111100000001111111001111100111000000111110010101111111100001110111111111111111110011111111111111111111111111110111111111111101111111111111111111111111000010111110
01111111111111111111000001111111111111100011110000000001111111111111111111111100111111100111111011111010011111111111100011111111111111111011111001111111111100001111111001111111111111111100001011111100111111110001111111111111111111111111111100000011111111111110111111111111111110001111111111110000111110111110101010111110000011111111100111111101100001111110000001110101000111001111000000111111111100010000110000111111111111111111111111111111111100001111111111110111111111111111111000111111111111111111111111111100
01111111111111111111100000111001111111110001111111100001111111111111111111111000000111111111111011111001111111111111110011111111111101111111101011111111111100000011111111111001111111111100011111111111101111111101111111110111111111111011111100011000001111000000111011111111111100000111111111110000001110101000111111111010000011111111111111111100001011111100000000111111010111111111000001111111111111111000000001100111111111111111111111111111111100011111111111110111111111111111111111111111111111111100111111111110
01111111111111111111111111100000011111110111110111100001111110111111111111111000111111111111111011111000001111111111110011111111111111111111101111111011110111001111111011110001010111111110111111101111111111111101111111110111111111111010111111010001111111001110111110111111111000000111111111100001011111100000001010101010101111111100000100111000111111111111111001111111110101011110000001111111111110000001111011111111111111111111111111111110111110000111111111111111111111111111111110101000011111111001111111111100
00111111111111111111110000000011011111111111111111110001011111111111010111101011111111000111110000111111111111111110101011111111111111111111101111110000000000101111111111100001010111111101111111001111111111111100001111100111111111111000111111111111000010000111111111101111111000000001111100000001011111111000011110100000111111111000000111011000011111111001111011111111110001011101000000111111111111100101001111100111111011111111111111111110011111111011110111111011111111111111111111101100011111111101111111111111
00111111111110111111111111111111111111111111111111110101000111111111110101111011111111100011110000011111100111111110111011111111111111111111111111111000000011101111000111000101110111111101111110011111111111111000011111111111111101111100111111111111100111111111111111101111111000001111111100000011111111110000011111000000011111111100011101110001111111111111111111111111110001010000010011111111111110000011111111110000101000111111111111001110011111100001111111111111111111111111111111100001111111111111111111111111
00000010111110001111110000111111011111111111111111110101000111111111111100011111111111100011110000001111111111101010111011111111111111110111111111111000000011101111001111110111111111110000111100011111111111111100011111111111111001111101111111111111110111111111111111111111111000001100010101000001111100100001111111000001111101111100001111111111110101000111111111111111100000010000011010111111111111000111101011000000111000001111111111111111011111110001110001111011111111111111111111111111111111111111101111101111
00000011111110000011111011111101111111110111111111100010001111111111111111111101111111111111111100011111110000000011111000111111111111100111110011111000000111101100001111011111111111111101111100111111111110001001111111111111111001111111111111111111111111111111111111111111101000001111011111000001111100000001111110000111111101110111111111110011111101111111111111111111110001100001111110111111100011110111111111110000011000001111111111011111111111111101010111111111111111111111111111111111111111111011111111111111
00111111111110000011110001111001001111111111110101000011111111111111111111111111111111111111110000011111011100001111110000111111111111100111110011111101010111111111101011111111111111111101010000111111111000001111111011110111100001111111111111111111111111111111110000111111101000001111111111000000111100000111111110000111111111111111111111111111111111000111111001111111110000011100001110101111111111111111111111100101111100011111111111111111111111111111011111111011111111111111111111111111111111111110100001111110
01111111111110010111111011111001110111111111110101001111111111111111111111111111111111111111111000111111110000111111110001111111111110001111100011110001011111111000001001111111111110111111111010111011111000001111111111110111100011111111100001111100111111111111110000111111101000000011111110000001111100011101111111001111111111111111111111100111111111111111111001101111000111000010001111001010100011110011111111111111111000011111111111111111111010111111011111111111110001111111011111111111111111111000111111111110
01111111111110111111111111111011110111111111000111101111111101111111111111111110111111111111111010111111111000111111100000011111111110000111111111110000011111111111100101111111111110111110001011100011110000011111110000000101000011111111100111111111111111000111111000011111101000000001111111111110000101111111111111101111111111111111000111000111011111101111110000101010000000011100000000000011110111100011111111001111111100111110011111111101111010111111111111111111111101111110111111111111111111110000111111111110
01111111111111111111111111111111110001110001110111111111111100001111111111111000011111111111111111111111111011111110000111111111111100001111111111111000011111111000000111111111111100011110111111111001110001111111111100000001011111111111111111111011111111100011111000001001100010000011111111111111000111111111111111111111111111111110001111010101011111111111111000001000000110001110000111001111111111110111111111001111111101111110001111111111111111111111111111111111111111111110001111111111111111100000111111111110
01111111111111111111111111111111110101010000011111111111010111111111111111111100111111111111111111111111111111111110000010000111111110001111111111111110111111111110000111111111111110001010111111110000000011111111111100000111111111111111111111111111111110000111111000000001001110101111111111111111000011111111111111111111101111111110001111011111111111111111110000100000001110011110001100001111111111111111111100011111100101111110011111111101111101111111011111101111111111111111101111111111111110000001111111111110
01111111111111111111111111111111110001111000111111111110000111111111010111111110110001111110111110101111111111111000000111111100111100111111111111111110111110011100001111011111111100011011111111111000111011111111111110000111111111111101111111110101111111100111111000000001010111111111111111111111100111111111111111111111111110111110011111111111111111111101111111100000100111011110001110000011111111111111110000111111111101111110011111111111111101111110000111001111111111111111100111111111111101000001111111111110
01111111010111111111111111111111110111111100011111111100000001111100010111111111111000111000001110111111111111111000011111111111111111111111111111111111111111111110000111011111111111111111111111111101111111111111111111011111111111111111000011110101111110001111111100000111111111111111111111111011000101111111111110011111101110011110011110001111111111111111110111110010101100001110001010001111011111111100000000111111010111111110011111111110111000111111000010001111111111111111100111111111111111000011111111111110
01111111110111111111111111111111111111111110111111011110000001111110010101111110111000101010011000111111111111110000011111111110011111111111111111111100001000011111001110011111111111111111111111111111111111111111111111111111111101111111110111111101111111001111111000000111110111111111111111111111111111111111111100000111111110011111111110001110111110111111110111110000000100001111000000101100000111111100000000111111110101111100111111111100000001111111101110101111111111111111110111111101011111000011111111111100
00011111111111111111111111111111111111111111111110011110101111111111110111111110001100001110000100011111111111111000111111111111011111111111111111111100000000111110001111111111111111111111111111111111111111111111111111111110111101111111110011111111111111011111111111011111111001111110111111110011111101011111111100000111011110011111111100000000001100011111100011111110000101000111000000111110000011111100000001111111111111111111111111111110000000011111111111111111101111111111111111111011101111000001111111111100
01111111111111111111111111111111111111101111111111111111101111111111111100111100011000001111110101111011111111111010111111111111011111111111111111111110000000001111101111111111111111111111111111111111110011111111101111111100001111111111111111111111111101111111111111111111111000111111011111111111111111111111111110100001111111001111011110000000001110111111110111100100000111000111110100011110001111111100000001111111111111111111111111111100000000011111111110111110111111111111011111110000001010000011111011111100
01111111111101111111111111111111101110101111111111001110101111111111111001101010000000001110000111101011111111111111111111111111111111111111110111111110000000001111111111111111111111111111111111111111111111100110000111111100001111111111111000111111111001111111111111111111111001111111011111111111111111111111111111100001011110000100000011100000111110111111110101111100000111101111111111111111001111111100000001111111111111111111100011111111000010101111111100111000000111111111011111110000001010000011101011111000
11111111111001111111111111111111111111111111111111111111111111111111111000000000110000111011100011110011111111111111111111111011111111111111111111111111111000011111100111111111111111111111111111111111100011111000000111111101000111111111111100001111111000111111111111111111111000111110011111111111111111111111111111110001111111000000001111100111111111111011111100001100001111111111111111111111011111111000110001111110111111110111011111111111000010111111110100000000001111111110000011110000000010100011100011111100
11111111111000111001111111111100011111111111111111111101011111111111110011100000100000111111101011111111111111111111111111111111110111111111111011111111111111111111111111111111111111111111111111100010001111100000011111111111111111111111111110101011100001111111111111111111110000111111000111111111111111111100111111100001010111100000111111111111111111111100010000111000000111111111101111111101000111111010110101111000101010111111000111111111111010111111110100011100000011111111111001111100000011111111110101111100
01111111110100011000111111111111111111111111111010111101011111111111100110000001111011111111111111111011111011111111110000111111000111111111101011111111111101111111100111111111111111000111111111100000001111111011111111111111111111111011111111100111100000000111111111111111100000001111000111111111111101111000001010111100011111101011111111111111111111111100000001111100011101111110001111111100000011111111111111111010100000011110001111111111111110111111110100000110000001111111111111111100000001111111111111111100
01111111111100011100111111111100011111111111110110101101011111111111100111111011111111111111101111111110111111111111110000111101000011111111101011111111111111011111100111111111111111100111111111101000001111111111111111111111111111111111111111110011100000000011111111101111000000011111100111111111111111111100001000000000000111111111111111111001111111111110000001111111010000011000101010111000000111111111111111111011110000011110001111111111111111111111100111011111000000011111111111111111000011111111111111111100
01111111111110001110001111111111111111110001111111100100011111001111001111111111111111111111111111111000011111111111100001111100001010111110101011111111111100011111100011111111111111000001111111110000001011111111111001111111111111011011111111000111110000000001011111111111101001011111111111111111111111111110000000001110001111111111111110101001111111111111000000111100010000111111111000111100000011110111111111111111100000011110001111111111111111111111101111111111100000111111111111111111111010111111111111111110
11111111111111011110001111111111111111111100011111001100000111011110000111111111111111110001111111111100000111111111110111111100101000001110000011111111111110001111110001111111011111100001111111111111000011111111111001111111111111101111011111000011110000001110000111100011111111111111111111111111111111111110011000000000001111111111111010111000111111010111000001111110001010100011111000011100000001000011111111111111100000001111000000111111111011111111101111111111100000000100011111111111111110001111111111011110
01111111111111111110000111111111111111000111111111111111010100001110001111111111111111100011111111111000001100011111100111111100111000001100001111110111111110001111111000111111111111100000001111010000000010100111111111111111111111111111111100000001111000000000000111101111111111010111111111111101111111111111001110010100011111111111111111111111111111010101111111101000101110101111111000011101110001111011111010101111100000011110000011010111111011110001111111111111110000100000111111111111111110111101011100111110
11111111111111111110000100111111111110001110111111111111110101111110000111111111111111110011111100011000000000111111001111111111111001111111111111111001111111000111111100001110001111101000101111011111101110000011111111111111111101111111111100000001110001111111000111111111111101010111111111111001111111111111111101011100011111111111111111111111111101011100001111110000001111101111111111010000110000111111110000111111100000001100000011111111110001111001000111111011111011100000011111111111111111111111111111011110
01111111111111111111000000001111111111000111111111111111111111111111111111111111111110100011111111100000111000111100000111111001111111111111111111111111111111000111111111001111011111111100101011000000111110000011111111111111100001111111110000111101011111111111110111111111111101000011101111111000111111111111100101110101111111111111111111111111111001111111111111110000011111111111111111110000010001111111110000011111100000001100001111110111110001110000000001111111111111101000111111111111111111111111111111111110
01111111111111111111000000011111111111001111111111111111111111111111111111110101111000000000111111010001111011111101011111100011111111111111111111111111111111100011111111111100011111111100001010111111111111100011111111101010100000111111111001110001010111111111111111111111110101000111101111110011111111111111110000010101111111111111111111111111111000011111101111110000001111101000001111111000000111111111111101111111000011110101001011111111111001010000000111111011111111111000011111111111111111111111111111111110
01111111110111111111111010101111111111100111111111111111111111111111111111000011111000000000000111110111111111111101111111100001111111111100011111111111111111100011111111111100000111111111111110101010111111001010111111101010101011111111110111111100011111111111111111001111111111110010010111111111111111111111110001010111111111111111111111111001111000011111111111110000111111110000000010111000001111111111111111111100000111000101010011100111110001010100000111111111111111110000111111110111111010111111111111111110
11111111111111111111111111111011111111111111111111111111110111111111111111100011111000000000000111111111111111111111111111000000111111111111111111111111111111110001111111111100000111111111111110101011111111111110000100000011111001111111111111111110000111111111111111111111111111110000111111010111111111111111111001111111101111111111111111111111111110001111101000111001111111101000001000111110111111111111111111111110101111000101010111001111111111111100001111111111111111000000011111110111111000001111111011111111
11111111111111111111111111111110111111111111111111111111000111111111111111000011111000000001111111111111111111111100111100000000111001111110011110111111111111111111111111111110000011111111111111111111111100011111110000000011111111111111111111011111111111111111111110000011111111111000111111111111111111111111111011111111111111111111111111111001111111011111111000101011111111111010101110111110011111111111111111111111111111000101010111111111111111111100000111111111111111100000001111111111111000000111111000111110
11111111011111111111111111111111111111111011111000011000000001111111111111111111111000000011111111111111111111111100011110000000100000111111110101111111111111111111111111111110000111111111111111111111111100111111010000001111111111111111111111001111101111111110011100001011111101110001111111110101111111111111110001111111111111110111111111111101111111111111111000001111111111111010111111111000111110111111111111001111111111000011011111111111111111111111000111111111111111101000001111101110100000001111100001111111
11111110010000001111111101111111111111111000111111111100000000111111111111100111111100000011111111111111111111111101111000101010101001111111011111111111111111111111101111111110000011111111111101111111011111111111000000011111111111111111110111001111111111111110100000001111111000011110111111110001111110001111100001111111111111100000111111110000111111111111111100111111111111111010111111111000011100111111111111000011111110000111110011111111111000011101110011111111111111111110000111001000000000011111110000111110
11111111000001111111011111111011111111010000000011111000010000000011111010101101111101111011111111111111111111111111111111111111111111111111111111111111111111011111100111111110000011111111111000111111000111111111111000011111111111111111111111111111111111111111000000111111111000010000001111111000111111000111000001111111111111110000011111010000011111111011111111111111111111111100111111110001111100111111111001110101010100001111000111111111110000111111110011111111111111111000000100000000000001111110011111111110
11111110000111111111000111111011111111011101000111111100110001100000000000100001111101110011111111111111101111011111111011111111111111111111111111111111111111111101000111111110100010101111111001111111000101111111000000011111111111111111000011111111110111011111000000111111111111111000000011111000111111000000000001111111111111111000111111000000111111111001111111110000111111111110011111111111111101111111111111100101011110111111100111111101110000111111111000111111111111111000000001000000000111111100111100000100
01111111111111111111001111111011111111111111000111111111111110000000000000111100111111110001111111111110000011110011111111111111111111111111111111111111111100010100000111111111110001101011111011111111100000111111111000011111111111111111100011111111100111110111100001111111111111111100000111111100011111000000000011111111111111111000000111111101011111110000011111111100001111111110011111111111111111111100111110111101011111111111110111111111010001111111111100011111111110100000000111000000011111111100011111000100
11111101111111111111101111111111110011111111110011111111111001100000000001111111110001010111111111111010100000011111111001111110111111111111111111111111111111110000001111111111111111101011111111111000101000111111111000001111111111001110000011111111111111110111110111111111111111111111000001111011111111000000000010111010111111111111111111111111111111111111001111111100001010111111111111111111111111111111111110000101111111111111111111111111010001111111111100000111111000000000101111110001111111111111111110000000
01111101111111111111111111111111101111111111111111111111111111000010111101111111111000010110101111110010101011111111111111111000011111111111111111101011111110000000001011111111110000100000111111100011111110011111111100001111111111111111000011111111110111110111111111111111110100011111110111011110000111000000000000111110111100010101011111111111111111111110000111111110001111111111111111111111111111111111111100111101111111111111111100011111111111111111111100000101111000000001111111111111111111111111111111000000
11111001111111111111111111111111111001111111111111111111111111111111111111111111111000011111101111110000101111111111111111111101011111111111111111111100111111100000000001111111111100000000111111000000111111111111111110101111111111011100000111111011111111110111111111111111110110001111111100000111111111100001110000011111101000011111111111111111111111111111101011111111111110111111111111111111111111111111010000111101111111111111111100111111100011111111110000000111101011100001111111111111111111111111111110000100
01111111111011111111111111111111100001111111111101111111111111111111111111111111111000111111111111100000001111111111111111100011110111111111111111111111111111010000000000111111110100000000011110000001111111101111111111101111100101111100011111111111111111110111111111111111000000111111111110001111000111100011111000011110111110011111111111101011111111110010111000111111111111111111111111111111111111111101111111111111111111111111111111111111111111111111111000011100011111110011111011111111111111111111111010000110
11111111111111111111111111111011110001111101111000010111000111111111111111111000011111111111111110000011101011111101111111111001110111111111111111111100111111010010100000111111010101100000111110000000111111101111111111111111100001110000011111111111111111110111111110111111101111111011111110011111110111111111111100111110101010111111111111000000111111110000111111111111111010111111111111111111111111110000000111111111111111111101110001111111111111111111000000111111101111111111111111111111111111111011110000011110
00111111111011111111111111000011100001111111111100010111010001111111011111111100000001111111111110011111111010111111111110100001111111111111111111111111111111110000100000001111011111111000111110001011111100001111111111111111100000111000011111111111111111100011111110001110011111111111111100001111100001110011111111111111111110111101011110000001111111110000101011111111111000011110011111111111111111100000011111111111111101010000100111111111111111111110001010111110001111111111100001111110101111100011110000001100
00000111111110001111111111100001110000111110001111111111010001111110010111101010111111111111111000011111111111111100111000111111111111111111111111111111111111101000111000001111000111111101111100001110111100001111111011111111110001111100111111111111111111100011111111100001111111100111111000001111110111111111111111111111110011111111011111000000111111110000000111111111111000001111000101111111111111000000011111111111111101000000000011111111111111111111000011111111111111111111111111111111001111110011110000011110
00000111111111000111111110000001000000111110011111111111110001111110000111101111100011111110111100011100011111111111111111111111111111100111111111111111111110000000111100000111111111111101111100011111111100001111110000111111100000011111111111111111111111111011111111100000011111100111111000001111111111111101111111111111111110000110001110100000111111111000001111111100111100000111000111111111111111000000111111110111111111000000001111111111111111111111000011111111010000000000111100011000000111100001110000010100
01000001111110001111111111111101000000111100001111111111111101111111100000001111101111111100011100000000000111111110011111111111111111001111111111111111111110000000111100000111100111111111111000111111111010011111111100000000111000001111111111111111111111111111000111000000111111000111111000011111111111111111011111111111110111001111101111100000011111111111111111111100111100000111111110000111111111100001111111111111111111000000001111111111111111110011100011111111111100000000111111000111001111100011110100011110
01110000111111111110111110011111000011111100001111111111111101110000000011111010001111111110111110000000000001111110001111111111111111101111101111111111111111000000011111000011110111111111111100111111101011111111111111000000111100000011111111000111110111111110000101000011111111111111100000011111111100111111011111111111111101011111111111110000001111111111111111111100111110000101111111000011111111100000111111100001111111011100001111111111111111111111111111111111111100001011111111000111000111100111110100011100
11111100011111111110111111111111000111111100101111111111111101000011111011101111111111111111111110101010101111111100001111111111111111110111101111111101011111000000111111001111110101011111111111111111100011111111111111000000111111010000111100000010000111111111000100000111111110011111100000011111111100111100011110001111100001111111111111110100000111111111111011111110111111010111111111000111111111110001111011111000011111110000011111111111111111111111111111110111111110111111111111100111111111100011110001111110
01111101011111111111111111011111110001111110101010100111110101110000011111111101111111111111111110111111111001111110001111111111111111110111101111111100011111000000011111101111111101011111111111111111000011111111111111100000111111111000111110000000000111111111011111000111111111111111100000000001111101111100001000001011110001111111111111011111001111111111000001111111111111111111111101011111110001111000000111111001110111111000001111110001011111111111111111111111111111111101011111000111110111000111110000111110
01111111011111111111111111111111100001111111101001111111110111110011111111111111111111111111111111111111111110111110001111111111111111010101100011111100111111011000011111111111111100001111111111111111100001111111111111100000011111111111111110111000000111111110000111110111111111111111100001111010111111111100010000101000100011110011111111011111111111111101000010111111111111111111111101111110000000111000111111110000010111111000001111000000000111111111111111111111111111000000000111111111010100000111111010111110
00111111011111111111111111111111111001111111111001111111000111111111111111111101111111111111111111111111111100111111011111111111001111010111100010111000011111001111011111101111111000001111111111101111110001111111111110001011111011111111111111111000010111111111000111111111111111111111110011100010111111111100000000111011111011110001111110000111111100010100001111110111111111111111111111111100000000011110000111110001010111111100000000000000011111111111111101111111111111100000011111111111000000011111000000111110
01111101111111010111111111111111110001111111110001111111100111111001111111111111111111111111111111111111111111111101111111000111111111111100000000001000111111111111111111101110000000001111001111111111110000111111111111000111111010111111111101111111010100011110000011111111111111111111110111100010100111111100000011111111110011100001111110000101111111000101001111000011111111111111111111111110000000011111100111110000011111111110000000000001111111111111111000111111111111100000111101111110000000011111111110111100
01111011111111000011111111110001111111111111111001111111100111111111111111111001111111111111111110000111111111110001111111000101111111111111000110000000111111111111110111111111110000001110000111010001111101111101111110001111111110101111111101111101011110011100011111111111110111111111111111100011100111111100000011111111110001100011111110011100001111100111111111000001111111111111111111111100000001111111100111111000011111111110000000000001111111111111111000111111111111111011111101111110000100001110000000111110
01111011111110001111111111111101111111111111111001111110101111110000111111100011111111011111111111000011111111110001111111000001111111111111111111000000111111111111111111101110011000111111011101010101111101111111111111000011111110101000000000111111111000111111111011111111000111111111111111100011111111111100000011111111100011111111111111000000011111111111111100000011111111111111111111110101000111111111101111111000011111111110000000000111111111111101111000111111111111101011110101111111011110001111111110111100
11111111111111101111111111111101011111100111111000111111111111110101111111000011111111011111111111110111111111010111111100000000111111111011111111110000011111111111110111111111111111111111010101010111111111111111111111100011111111101111000000010111111110111111111111111111111111111111111111111111111111111110000011111111110011111111111111011110011111111111111000000011111111111110111111000001010111111111000010101010111111111100000000010111111110110000111001111111111111111011111111111111111110000111010000111100
01111111111111111111111111111111111111000001111000111111111111111111111110000011111111011111111111110111111101011111111110101011111111111011111111111000011111000111110011111110011111111101110001010000111111111111111111110000111110101111110000010111111111111111110111111111111111111000111111110101111111111110100011111111110111111111111110000011111111111111111000000111111011111110111100000101011111111111000000101000111110111111111000011111101010000001111111110110111111100011110001111111111111001111110011111100
01111111111111101111111111111111101111111111111000111111111111111111111111000111111111111111111111110011100001111111111000111111111111111111111111111000011100000011111011111111111111111100000001111100101111111111111111111111111111111111111000010111111110011111111111111111111111111000001011111111111111111110101111111111111111111111111100001111111111111111111100000101111111111000111110001111111111110111001010101000111110111111110000001111111110000001111111111000011111111011111111111111111111101111100011111110
11111111111111001111110111111111101111111100101000111111111111111111111111001111111111111110111111000011100011111010100111111111111100011111111111111100111110000101111111111111111111111101110001111000000111111111111111111111111111111111111000011111111111111111111111111111111111111000000111111111111111111010111111111111111111111111111100000111111111111111111100110000111100000011111101001111111100001111101111101011111010111111110101011110101111101011111111111000011111101111111000111111111111111111100011111110
01111100011111101111110111111111000010111110001000111111111101111111111111011111111111111111111100000011100011111010110001111111111110001111111111111111111111000000111111111111111111111111110111111110000011111111110001111111100011111111111100011111111110001111111111111111100011111100000011111111111111000011111111111111111111111100111100000001111101011111111001111000011100000011111111111111111001111111111111111011111111111111110111111010111111111111111111111110000111111111111111111111111111111110000011111111
11111000111111011111000011111111100011111100000001110001110001111111111111011111111111111111111110000011100011111010000001111111111110011110111111111111111111000001111111111111111111111111111111110000000111111111110000111111100001111111111111111111111111111111111111111111111011111111111111111111111100000011111110111111011110111100111000000111110100011111100000111111110101001111111111100011110000111111111111111011111111111111110111111111111101111111111111111110000111111111111111111110001111111111101000111110
01111111111111111111000001111111000001111100000001111100000001111111111110011111111111111111111100000111100001100000100000011011101110001110111111111111111111100000011111111111111110011111111111110111110111111111000000111110000011111111111111111111111111111111101111111111100011111111111111111111111000000111111100011111111011111101101010000011111100001110000001111111111111011111111111000000000011111111111111111000111111111111110111111111111000001111111111111111100111111111111111111111111111111110001111111111
11111111111111111111100011111111010111111000000011111111000111111111111100011110001111111111111110000111100001111000000000000010000110111111111111111111111111000001111111111111111110001111111111100001111111111100000000111100000001111111101111111111111111111111011111111111111001111111111111100001010000000011110000001111101011111111111110001111111100000111101111111111111101011110111111000000000011111111111111110000011111111111010001111111111000000111111110111110101111111111111111111110000001111111111111111100
00111111111111111111110001111111000111010000011111111111000111111111111000111111001111111111111111101111000000011100000000000010001111111111111110011111111111000000001111111111111100011111111111111011111111111110000111111000000000011111000011111101111111111111111111111111100000010111111110000000010100001111110000111111111001111101111110000111111100011000111111111111111111010100011111100000001010111111111111111001111111111111000001111111100000000111111000111100111111111111111111111111111111111111111111111100
00001111110111111111110001111111001111100101111111111111111111111111111111111111111111111111111111111111100011111110001010000000111111111111111100011111111110000000111111111111111100011111010111111010111111111100010001111100000000010100000000111100111111111111011111111011110000000001111111001111111110100000111000111110111001111111011110101111111110011111111111111111111001010000011111101110001000111111111111111101111111111110000001111111111100011111111000010000011111111010000011111111111101011111111111111000
00011111110111111111111000011111011110101111011111110000111111111111110111111111111111111111110111111111101011111100001111000000111111111111111100111111111010000010111111111111111000111111000111111110001111111111111111111111010000010000000000111100111111011111011111111001010000000001111110011110001111111101111001111111100101111111111010101011111111111101111111111111111101110001011111110001111100111111111111111111111111111111000011111101001111111111111000000100111111111100111011111111111101111111111111110000
00010111111111110000000000011111111111111111011111110000111111111011111111111111111111111111110001010111111111111100111111110001111111111110010000111111111110001010111111111111111101111111000111111110001111101111110001111111111100000000000000111100011111111111111111111101111110000000011111011111111010100000110000111110000101111111111110101011111111111111011100011111110001111101111111100111111101111111111111111111111111111110000011111100111111111111111100001101011111010000001111111101111110011111011101010000
01110101111111111100111001111111110111111111001111110000011111101111111111111111111111111011111101010111111111111100111111110101111111111111111000111111111001111111111111111111111000011111000111111110001111111111110001111111111100000000000000111100111110001111111111111111111111110000011111111111111111100000011111111111100000111111111100001010111111111101010100010100000000111111111111110011111101111111110101111111111111111111000111111100001111111111111110011111111101111110111111111100111110111110010101010000
01110000111111111100001010000111100111111111101011111000000111111111111111111111111111111111111001010001111111111111111111111101111100001111100000001111111111001111111111111111111110001111111111111110011111100111100011111111111111000000111001010000011111111111111111111111111111010000111111111111111100000000000111111111111000111111111110000000111111110011111100000000010001111111111011100111111111110011010100111111111111111111000111111111111111000111111100111111110101111111111111111100111111111100011111010100
01111111111111111100001010000011100011111111100000111101000111111110111111111100011110111111111111010001111111111111110101111111111100111111111000101011111111111111111110001111111100000111001111111111111111100011100011111010111111111011111101111101010100001111111111111111011111010001111111110001111111000000011111111111111000001111111100011100111111110011111111000001111000111111000011110001011011110000000000111111111111111111011111111111110111100111111111111111110101011111111111111111111101111101111111000100
01111101111111111000000000000011100011111111110001111111100111111111111111110000011110000001111100000000111111111111100001111111111111111111110001111011111111101111111100000111111110000011111111111110111111000111100111111111111111111111111101111111010100011111111011111111111111000011111111100001111111000000010111111111111000000111111111111111111111110011111111110111111111111111000011111000001111111111001110111111110111111111111111111111111110000111100111111111110000000001111111111111111111111101111111100110
00111111111111110000000000001111100001111111110111111111111111111111111111110000111110011100011111011000111111111111111111111111111011111111111111111111111111101111111110000111111111000000001111111100111111100011000111111000111111111111111111111111111100001111110011111111111110000011111111100011111111110001010111111000110001000111111111111100011111110011111111111111111100001111110111111000000011111100001111111111111111111110011111111111111011000111111111111111111000000001111111111111111111111111111110011100
01111111011111111000000000001111100001111111110111111111111111111111111111111000011110001111111111110001111111100001110011111111101111111111111111111111111111000111111110101111111111010111111111111111111111000111000011111111111011111111111010111111111110011111110001111111111100000001111111110111111011100001110111110001110001110111111111110001111111111001111111111111111111111111111111111010000011111111100111111111110111111000111111111111111110000111111111111011110000000001111111111111111111111111111111111110
01111111010111111000011000011111100001111111011111111111111111111111111111111111111110011111101111111111111110111111111111111111100000111111000111111111111111000111111111000010101111111111111111111000111111100011100011111010000000111110111111100111111100011111110111111111111110000011111111111111101011111111110111111000000011111111100111110000001011111111011111111111111111111111111111111011111111111100000111111111111111111010111101011111111110011111111111111111111101010111100111111111111111111111110101011110
01111110000111111110110000011111100011111101011101111111011111111111111111111111011111001111100011100111110011100011111111111111000111100101110011111111111111000111111100000000111111111111111110101111111111101111100001111111100010111100011111100001111111111111111100000111000110000001111111111111001111111111111111111001111011111111111111111000101011111111000111111111110111111111111111111111111101111111000001111111111111111011110101111111111101011111111111111111111111011111100111000000011111111111111101011110
01111110000011111111111000111111110011111100001111111111111101011111111111111111111110101111011111001111100001110111111111101111110100000000000001111110111111000001111110001000000111111111101000000001011111111111111000110011101011111000111111000111111011111111111111110111000111101111111111111110000111111111111111111100111111111111110111111100111000111111000000111111111111111111011111111111111101011100001111111111111111111111110000111111111111111111111111111110011111101111110001010100010101111111111101011110
11111100000111111111110000111111110000111111111101111111111100011111111010111111111110101111111111101111110001100011111110100111111110000000110000111111111111100011111100111101011111111110000000001111111111111111111000001111111111110000111111100111100011111111101111000011101111111111111111111110001111111111111100111111111111111111100111111101110000111111000000011111111111111100001111111111111111011100001111111111111111101011110001111111111111111111111111111100011111001111110001011110011101111111110111111111
01111110001111111111111100111111111000111111100011111111111000111111111110111111111110111111111111101111111111100001111110000111111110111101010000111110011111000000111110011100010001011110001000000001111111111111111101000011111111110001111111000011100011111111111111100011101111111111111111111111101111111111110000001111010101111111100111111111111000000111100011010011111111111110000111111111111111010000001111111111111111111111111001111111111111111111111111111110111111101111100001111111111111011111110111110000
01111110011111101010001000010001111100011111111000111111111010111111111111011111111110001011111111101111111011100001111110000111111111001111111100001111111111000011111100011110010100011100011100011111111111111111111111111111111111110111111110101111110011111111101111100011111111111111111111111111111111111111111000000011111100011111111111111010100101011111000011111111111111000100001111111111111111011000001111111111111111110001111111111111111111111111111110001010111111111111000011111111111111001111100011111000
01111110011111100000001000000111111111111111100001111111111111111111111111011111111110111101111111000001011110000000111110101111111111111111111111111111111110000010011101011100011100000000111100000001111111111111101111111111111100111111111010101111111000111111111011111111110111111111111111111111111111111111111110000011111000001111111111111111111101000111000010101011111110001111111111111111111111000010101111111111111111111111111111111011111111100011111111111000111111111110000001111111111110000111000111111000
01111110011111010100000000001111111111111111100001010011111111111101111111111111111100000000011111110000000011110001111111111111111111111111111111000111111111000011000111010100111111100000111110111111111111111110001111111101111000111111111000111111111111111111111111111111010111111111111111111111111111111111111111000001111110111111111111111111111111000111100000001111111100001111111111111111011110001111111111111111111111111101111110101010111111111010111111101011111111111111000001111111111111111111101111111000
01111110111111111110000000111111111111111111000001000111111111111111111111111101111111110000011111100000000000000001111111111111111111111111111111111111111111000000000111110000111111000000111110000111011111111111001111110000010000111111110001111111111111111111111111111111000001111111111111111101111111111111111111100011111110111111111111111111111110000111110000011111111111001111111111111100000000000111111111111110111111111101111010111111111111110111111111101111111011111111000000011111111110100111111111111110
00110000111111111110000111111111111111111111010111000111111111111111111111111111111111100000001111101011100011110011111111111111111010111111111111000111111111100011001111110000111111100001111111100111111111111111111111110000000011111111100001111111111111111111111111111100000000011111111111111111111111111111111011100011111111111111111100111111111111001111110000011111111111111111111111111110000000011111111110111110101111111100111111111111111111110111111111001111110001111111110000001111111110111011111110111110
01000011111111111111001111111111111111111111111111001111111110000111001111111001111111110000011110101111111111111111111111111101111110111111111111111111111111110000000011110000011111100000111111100011111100011111111111010100000011111111110011111111111111111111111111110000000000111111111111111111111111111111101111001111111011111101010000111111110000011111111001111111111111110011110111111100111111110111111110101111111111111000111111111111111111110111111110001111111000111111111110111111111110100011111111011111
01111111111111111111001111111110111111111111111111001111111000000100001111111111111111110101011110101011111111111111111111111111111010111111111111111111111111111111100111111100010111110001111111110011111110111111111111000000000111111111100001111011111111111111111111100000010000000011111111111111111111111111111001111111100000110000111110011111100000111111111101011111111111111011100111111111111111111111111111111111111111111101111110101111111111110011111111011111110000111111111111111101111111100001111101111111
01111111111111011111001111111100011111111111111111011111111000000000011111110111111111110101111110100111111111111111111111010011111110111111111111111111111111111111100001111111011111110101111111111111111110111111111110000000101111111111111111111111101111111111111111110000111111110011100011101111111111111111111111111111110000110000111110011111100000001111111111111111111111111010000111111111111111111111111111111111111111111101111100001111111111100001111111111111110000001111111111111110001111110011111111011111
00111111111111110111000111111110111111111111111111001111111010010000011111111111111111111101111110100111111111000111111110000111101010101111111111111000111111111111110111111111111111111101111111111011111111111111001111000000001111111111111111100100000111111111011111111000111100000111111111111111111110111111111111111111000000000001111100001110000000111111111111011111111111111101011111111111111111111111111111111111111111111111111100011111111111101111111111111111000000001111111111111100000011111010111111011110
00111111111101000010000111111111111111111111111111111101000010111100111111111111111111111000111110000111111111000011111110000011100011011111111111111100001111111111110101011111111111111111111111111111111111111000001111000000000111111010111110011100000011111111011111111100001111001111101111111111111111111111111111111111101000000000111111000000111111000011111111111111111111111100001111111111111011111111111111111010111111111111111110111111111110101111111111111111100000001111111111111111010011111110111110011110
11111011111111000000000111111111111111111100011111011100000011111100111111111111111111111101111111011111101111000001111110000111110000001111111111111010111111111101111111000111111111111111111110101111111111111111011111110100000111111000100111111100000111111111111111111000000110001111111111111111010111111111101111111111101110000001111111111110111111111000111111111111111111111000000011111111111111111111111111100001111111111111111111111111111111111111011111111111000110001010111111000011110001111110001111011100
11111001111101000011100011111111111111111111011111010100000011111100111101111111111111110101111110001111000011100001111110000111111101010111111111111111111111100001111100000000111111111111111000111111111111111111111111110100000011111000000101111111111111111111111111111000101100001111111111111101111111111111111111111100111111111100111111100000011111111000001111111111111001111000000011111111111111111111111111100011111111111111111111111111111000011111111111111111111111101011111100000011111111111111100111111100
11111001111111111111111111111111111111111111111110000000101111111100011100111111111111011111111111111111000001110001111111001111111111000000111111100111111111100001111101000111111111111111111000001111111111111111111111110000000111111111100001111111111111111111111111100000110000001111111111110001001111111010111111100011111110111110111111101111110111111110111111101011110000000000000000111111111111111111111111100111111110011111111111101111111111111111011111111111111110101000111111100011111111111111100001111000
11111101010111111111111011111111111111111111111110000011111111111110110001111111111111000111111111100011100011111000111111011111111111000000011111111111111111100111110101011111111111111111100000001010111111111111111111111000001111111111110001111111111111111111111111111011110000001111111000111101111111111111111100000001110111111110011111101000000011111110011110000000110000000011000001111111111111111111111111111111111100000111000111111111111111111111111111100001111110100000111111101011111111111111111011111100
01111111111111111111111111111110001111111111111100000011111111111111111001111111111111010111111111110011101111111111111111011111111111101010001110001111111111111111111001011111111110001111100000000000111111111111111111110000111111111111110000111111111111111011111111101111110000011111100000011111111111111111111111000111110000001111111111111100000011111111111111000000101000000111100001111111111111111111111111110111111110011110000111111111111111111111111100000011111010100000011111101011111111111111111111111100
00100011111111111111111011111111111111111110111110101111111100111111111001111111111101011010111111100111111111111111111111111111111111111111111111111111111111111111111001011111111111011111100000000000111111111111111000010000111111110111111110111111111111011111111111001111110000011111111101111111111110001111111111010111111000011111100011110000000101111111111111100000100000000111110011111111111111011111111111111111111111010111100111111111111111111111111100000011111011000000011110111111111111111111111111111100
00000111111111111111111111111111111111111111000011101011111111111111111111111111111111111000111111111111111111111111111111111111111111111111111111011111111011111111110001010111111100011111111111110011111111111111111100000010111111111111111110101111111111010111111111000111111000011111110011111111111110000111111110001111111000001111111111100000000101111111111111110000111010000111111011111100000111111111111111110001010111111111111111111110011111110111110000000010101011100000111100111111111111111111111111111000
00000111111111111111111111111111111111111111111001111111111111111111111110111111111111111100011111001111111110101011111111111111111111111111111111111111111111111111111111110100111111011111000111111011111111111111111000000011111111111111111111111111111111010010111111100111111001010101111111111111111000011111111110011011111110111111110111000001111111111111111111111011110010101111111111111101111111111010111000111111011111111111111111111111111111111111100000000000101111000001111101111111111111111111111111111100
01001111111111111111111111111000011111111110000011111111111111111111111000111111111111111101111111111111111110101010111111111111111111111111111111000101111111111111111111110111110001011101000111111111111111110001101111110111011111111111111111111000111111111111100001111111111111010001111111111111100001111111000100001011111011111111111111110111000011111111111111111111111110001111111111111111000111111111111001111100001111111111111111111111011111111111100000000001111111100011111111111111111111111111111111111100
00011111000111111111111111111110001111111111111001111111010111111111101110000001111111111111111111111111100111101011111111111111111110111111010011100001011111111011111111000010111111111111000111111110111111100000100011110101011111111111110111111000001111111111111111111111111111100000111111111111001011111111000000101111111111111111111111111111100111111110101000111101100000011111111111111111110011111111111101111111011111111111101111111111111111111111000000000111111111100111111111111111111111111111111111111111
01111110000111111111111111111111111111111111000111111111110111111111100000111000111110111111111111111111001111111111111111000111111000001111000000000000011111111111111111000011100011111110001111111110111111110000000111110001011111111111111111111100000011111111111011111111111111000000111111111110111111111111000000111111110011111111111111111111110111110000101100000101011100111111111111111111000011111111111000010100011111111110000001111111111101111111111000001111111111101111111111111111010101111111110011111110
01111100000011111111111111111111111111111111111100111111000111111111111111110000111110000111111111111111000111111111110101000011110000000011000001110000111110101111111100000010111111111111100111111111001111111000000111110001111111001111100000111000000000111111111111111111111111111111011111111111111111111111100001111111100111101011111001111111110111100000000000000111110000111111111111111111000000111111111111110101011111111111000001111111111101111111001100000111110111111111111111111111110001111111110001111111
01111100000111111111111111101111111111110111000000111111000111111111110011111110111100001111111111111111111111111111110100000011111000000111110011100000111000111111111000000001111111111100011111111110011111111111000111100011111111001111111100001110101000010111111111111111111111111111110111111111111111111111110000111111100011000011111100011011111111010110000000000111111111111111111111111111000000111111111111011111111111101111100001111111111100011111111111011111000011111111111111111111001000111111110100111110
01111100001111111111111111100111111111000001110000011110000011111111111111111111111100000101000111111101111111111111110110000011111111000001011111100000110000111111000000000001011111111100111111111111011111111111000111100011111111001111111100000111111110000111111111001111111111111111100011111111111111111111000000111111111111100001111000000011111111110111100010000011111111111111111111101111000000111111111111111111111111110111111111111101111110011111111111110000000111111111111110111111111111111111111000111111
01111111111111111111111111110000011110000000000000011100000111111111110001111111111110000000000011111011111111111111111110000001111111100001111111100001111000111111010000000001011111111100111111111111011111111111101111110011111111111111111111000111111110000011111111100111111111111111100111111111101111111110011110111111111011111000111100000011111111101110000011101011111111111111111110001010000000111100111111111111111111100011111111111000011100001111111111111111000111111111111111111111011111111111111100011110
01111111111111111111100111111001111111000000001111111110010111111111110111111111111111100000111111111110111111111111111110000000111111000000001110000011100010101111010000000001001111111101111111111101011110001111101111100011111111110101111111101111111111100111111111110111111111111111000111111111100111111100001111111111111010111000101010000111111111100000001111111110101111110101111000000011101101111000001000100001111111100001111111111011111111001111110101110100000111111111111100011111111111110101110100111100
00111111111001111111111111110000010111100000001111111101111111111111110001111111111111111011111111111111111111111111111111110000111110000000000111101111111110001111110000000101000111111111111100111111111110001111101111111111111111110101111111101111111111101011100011111111111111111111111111111111100011111110111111111111111000111110000000010000000111000000000111111111101111111100111100011111101011111000000000000001111111110001111111111011111100000111111111111111111111111111111110010101111111111111110100011110
00111111111011111111000111100001111111111000011111111111111111111111110100000111111111111111111111111111011111111111111111111101011000000000001111111110101000000111100000101000000111111111111000111111111111101011101111101111111111110101111111111111111111101011111011111111111111011111111111111111111111111111111111111111111000011110000011111100011111000000001111111111101111111100001111000111111111111010111000000001111111111011111110111111111110000111111111111110111111000111110100000001011111111111111101011100
11111111111111111111101111110001111111111111111111011111101011011111110000001111100011111111111111111111111111111111111111111111100000000000011111111110111100001111110000111111110111111111111000001111111111101010111111111111110011100001111111111111111111001110111001111111111111001111111111010111111111111111111111111111111110111110000001111000001111100000111111111111001111111110111111111111111111111111111111101111111111111111111111101111111110000011111111111011111100011111111111101000000111111111111110000000
01111111111111111111011111100000111111111111111111011111101000011111111000001111100011111111111111111111111111111111111111111111110000000000111111111100111100011111000000111111111111111111111111111111111111100011111111010111111011100011111111111111111110000000111111111111001111001111111110000011111111111111111111111111111111111110000111111110011111100000001111111111111111111110001111100111111111111011111111101111111111111111010110111111001110000011111111111010111101110111111111111110011111111111111110111110
11110101111111111101111111110000111111111111111101011111101000000111111000001111001111110111110001111111111111111111111111111111100000000001111111111111111111111111111000111111111111011111111100001111111111100000111111010111100011110111111111100011111100001111111111111111111111101111111110000111111111111111111111110001011111111100011111011100001111111111111111111100011111111111111110111111011011111111111111100011111111111111011111101110001111000101111111111111111101111111111111111110111111111111100010100110
00110011111111111001111111110000111111111111111101111111111110000111111010011111001111110101111100111111111111111111111111111111111100011101111110101111111111111110001011111111111111111110011111111111111111100011111111100000111111110111111110100000111100001111111111111111111111111110011110001111111011111111111111110001011111111100011111000110111111111000000001111111011111111110001111111111100011110101001111000111101111111111010101111110000111010101111111111111111111111111111111111110111111111111110000111111
01110000111111111011111111110001111111111111111001111111111111100111111110111110011111010111111001111111111111111111111111111111000000000111111110101111111111111110011000111111111111111101111110001111111111111111111111100000001111111111111111101001111110010111111111111111111111111100011110111111111110011111111111000000011111111101111110000011111111111111110101011111011110001111111110111111110011111101011111100000000101111101010000011100011111110101111111111111111111111111111111111111111111111111100000111100
00111000011111111011111111100001111111111111111111010011111111111111111111111110011111111001111111111111100001111111111111111101011100011111111111101011111010111100001111111100111101111111111110101111111111111111111111110000111111111111111110111111111111000111111111100011111111111110001110111111100111111111100111000001111111111101111110000111111111111111110101011111011110000111110111111111111111110000001111101111000001101000000001111111111111111101011111111111111111111111111011111011111110101111000000011110
11111111111101111111111111100001111110111111111111011111111111111111111111111110111111110011111111111100000001111111111111111110000101011111111111111011111010000100011111111111111111111101110000100011111111111111111111111100011111111111111111111111111111110001000011100011111111111110011110101110101110111111000000000000111111110101111000000001111111111111111100011111001110001111111000001111111011110000111111111000000000000000000001111111111111111111111100011111111111111111111111111111111111111000000110010100
11111110011101011111111111000000011110001111111111110001111111111111111111111010111111110001111111111000000101111111111111111100001111111111111111110011111110010101000111111000000001111111000001100011111111111111111111111111111111111111111111111111111111111111100000000000111111111111111101111111000011111110000111000000011111000101111110000001111111111111111111111111111111001111111011000111111111110001111111111111000000100000000001111111111111111111110001110111111111111111111000111111111111111100000000000100
11111111111101011111111111010001110010111111011111111100111100010001111110001011111111100011111111111100011111111111111111111100001111111111111111010001111111010101111111110001111111111111110000111111100111111111111111111111111111111111111111111111111111111111010111000001111111111111111111000000100001111111101111000000001111111111111010000001110010111111111111111111110111011111111011110001110011111111111111111111111000011111110101011111111111111111110001111111111111111111111100011111111111111100001111000000
11111111011111010110111111110111000100011111110011111000111000000001111111100011111111100010111110111101011111111111111111111000111111111111111100000011111111111111110111111001111000111111111010111111110011111111100011111111111101111111111111111111111111111111111100000101111111111111111111111111100011111111111111100110001111111100001111100111010010101111111111111111111111111111111111110111100111111111111111111111111111111111111101011111111111111111100011111111111111111111111100011111111111111110011111000000
01111111110000000100111111111111100001111111011110111110111100010111111000000111111110000010101110111111011111111111111111111001111111001111111111000001111111111111111111111011111111111011111110111111110011111111100111111111111111111111111111111110001111111111111111111111111111111111111111111100111111111111111111001111000111111100111111011111110011111111111111111111111111111111111111110101110111110111111111111111111111111111111111011111111111111111110001111111111000000000011110011111111111111110001111110000
01111111111111000001111111111111100001001111100000111111111100011111111100011111111111000011101011111111110011111111111111111111111000100111011111100011111111111111111111111111111111111011111111101111110011111111000111110111111110011111111111101000000111111111111110111111111111111111111111111111111111111111111111111111001111111000011110011111011111111111111111111111111111111111111111110101111111111111111111111111111111111111111111111111101011111111111111111111110000000000111111011111111111110111001111111100
11111111111110000011111111111111110101000111111000001111111000011111111000011111111111000111101011111111111000111111111111111111111111111111001111111011111111011111111110111111111111111011111111111111110011111111100111110111111111111111111111110000000011111111111111111111111111100011111111111110111111111111111111111111111111111100011100011111111111111111111111111111111111111111100001110100111111100011111111111111111111111111111111111000111011111111110001111111111000000000001111110101111111110101111111111100
01111111111111000011111111111111111111101111110000011111111000111111111100111111111111111111000000111111110001111111111111111111111111110000000111111111111111011111111100011111111111111111111111111111110111111111110111111111111111010011111100000000000001111111111111111111111111100000111111111111111111111111111111111111110111111100000101011111111111111111111111111111111111111111000011111000111111111110111111111111111111111111111111111100011011111111011111111111111000000000011111110010111111111111101111111110
01111111111101111111111111111111111111111111110000001111110001111111111110011111111111111111000000111111110000101111111111111001111111111110011111111111111111011111111110011111111111111101111111111111111111111111111111111111111111110011111111111100000001011111111111111111111111100011111111111100011111111111111111111111100111111110011111111111111111111101111111111111111110001110000001111100011111100001111110011111111111111111111010111111111111111111111111011111111100000000001111100010111111111011111110101000
01110111111111000111100001111111111111111111111000111111111111111111111110011111111111111111011100011111110010101011111111111001111111000111111111111111111111111111101110111111111111111101111111111111111111111111111111111111111111111000111111111000000111010111111111111111111111110011111111111111111111111111111111111111100011111111111111111111111111110101111111111111111111111111101111111100111111111001111110101111111111111100111111111111001011111111111111011111110100000000111111111110111111111111100011111110
00000111111100111111100011111111110111111111111110111111101111110111111111011111111111111111110001111111100000000011111111111001111111001111111111111111001111111111001111111111110111110000111110111111111111111111111111111111111111111000111111111111100111111111111111111111111111111111111101111100011111111110000111110101000111111111111111111110111111010111111111111111111111110111111001111111111111111111111111101111111111110100011111111111100010111111111110000111111010000001000010001111111111111111111101111110
00000111111111111111000000111111111110111111111110101110001111000011111110011111111111111111111111111111111000001011111111111000111100011111111100111110011111111111101111111111010100000101111100001011111111111111111111111111111111111110001111111111111111111111111111111111111111111111111111111111111111111100000111110100000111111111110111111100011000011111111111111111111111110111111001111111111101111111111111101010111111000100011111111111000000000011111111000011100010000001110011111111111111111111100111111110
00001111111100111111110000010111100000011111111111100000001110000001001111111111011111111111111111111111100000001111010101000000000000011111110000111111000001111111111110111111110111111111111100000000111111111111111111111111111111111111111111111111100111111111111111101111111111111111111001111001111111111100000011110000001111111111111111111110111000011111111111111111000111111111110000000111111101111111111111111111111111000000011111111111000000000000111111100111100110000011010111110111111111111111101001111110
00001111101111111111111100000111111110111111111111000000000110000110001010000111111111111111111111111111111000101111110101000000000000111111010100011111111000011111101010111111011111111111111111000000111111111111111111101111111101111110011111111110001111111110001110101111111110000001110111111111111111111100000111111100001111111111111111111110111100111111110111111110000110101111100000000001111000011111111111111110011111010110111111111100000001000000011111111110000111101011111111111111111111111111101111111110
00001111100011111101111100000111111111111111111111000000001111000110000011100000011100111011111100011111100000111111111111000000000001111101010111111111100000011111111111111111111111111111111110101010001111111111111111100001111101011111111111111111000111111111111110101111111100000000111001111111111111111100000011111111111111100111111111010010111100111111110001111000000000111111100011111000000000001111111111111111111111111100111111111000000000000000011111111111111110101011111111110111111111111111111111110110
00000011111111111100111100111111111111111111111110000000001111111111100011100000111110101011111100001110111100111111111111011000000101111100001111111100111000011111111011111111111111111100011110100011111111111111000111000001111111010100001111111110001111101111001111100111111000000000010000011111111110111000111010111111001110111111110000011100011111111111110111111100011100001111000011111110000000111111111111111110000111111111111111110001100011110100011111111111111111101011111111111111111111111111111111111111
00001111110011111100011111111111111111111111101010000110111111001111100011110000111000101011111110001000000000011111111111111110000111111100000111111110001100011111111111111010010111111110000010011111111111111110011111000001111111010100001111111110000111111111111111111111111000000000111100011111111110101111111110011111111000000111110000001000001111111111111111111101111100011111000011111111100000111111111111111100001111111111111111100011111011111111011111111111111100001010111111111111111111111101111111110000
00001111111111111110010101111111111111100011101011110000011111111111111111110000111010111111111110000000001110111111111111111100001111111100001111111000111100111111111111111111100011111111001000001110101111111110001110000011111111111111101111111100001111111111111111111111111010100100111100001111111110011111111110001111000000000101000000011100000111111111111111111111111111111101000001111111111111101111111111111100000010111111111111000011101111111100011111001111111000001111111111111101111111110000011110111110
00111111111000111110011111111111011111100010100011111100011100001111111111111000001011111111111111101000000011111111100111111111011111111110000011110111111100111111111111111110000011111111111100011111001111111100011111111111111111111111001111110101000010111111111111111111111010000111111100011111111111111111111111111111000000000000000000111000001111111111111111111001111111111100000011111111111111001111111111111100001111111111111111000111100111111100001111100111110000011110111111111000110011111101111110111000
00111111111110111111111111010101011111100010101111111000000100011100011111111000011110011111111110001110001111111111110011111110001111111111000111111111111101111111111111111111110011111111111100111110000011111111111100011111111111111111111111110111000010100111111111111111111111100111111101001010111111111111111111111111000000000000000111111110000111111111111111111100011111111100000011111111111111000111111111111000011111111111111111001111000111111000111111000111110000011111111111111111111111111111111100111110
01111111111111101111111111011100001111111110111111110000000000100000011111111100001111111111111111011110001111111111111111111110011111010111000001011111111111111111111111111110000111111111111111111111110111111111111110010100000101111100000111111111111011111111111111011111111111100011111101001011111111111111111111111101000000001110011111110000011111111111111110101000111111111110001111111111111111000111111111111110011111111111111111111111111111111000001011100011110000011111111111111111111111111111111101111110
01110111111111001111111110010000000111111111111111110101100000111000000011111101111110000111110100011111101111111111111001111110000101010111110100111111111111111111111111111111110001111111111111111111110001111111111100000000010101110001110111111111101111111111111111110101111111110011111111110011111111111111111000111111111100001111111111111111011111111111111111111111111111111110101111111111111111100111111111111111111111111111111111001111111111111000100000000111100000011111111111111111111111111111111101111111
00000111111111000011111110001000000111111111111111000111101011111110000011111111011110111111010111111111001111111111111110111110000101010111111110001111111111111111111111111111000001111111111111111111111011111111111100000000000111110000111101111111111111111111000111111111111111111010111111111111111111111111111001111001111000001111111111110111001110111111111110001111111111111110101111111111111111111111111011111111001111111111011111111111111111111110000001111111110001011111111111111111111010111111111111111110
00100111111111000000011111101000000111111110101000011111101011111110000111111011111100111111000111111111011111111111011100001111100001111111111100000011111111111111111111111111100001111011111111100000101011111001111100011000001111000001111111111111111111111111100101010001111111111110101111110011111000111111111101111111111000011111111111101111111111111111111111111111111111111110101111111110111111100011110011111111001111111110011111111111111101011111100111111111011111111111111111111110111111111011111111111110
00101111111110000000011111111000001111111111100001111111101111111111011111111011111100111110001111111111111111111111011100011111100001111101111100010000011111111111101111111111100111100011111111100000001111100000111100111111111111110001111111111100111111111111100001111111111111111110111111011111111111111111111111100111110001011111101111101111111110111111111110000011111111111110100111110000011111111011000001111111000111111110001111111111111101011111110111111101111111111111111111111000111110000011111101111110
11111111111111000000111111111000001111110000111000111110111111111111011111111011111101111111011111111101111111001110011100011111110001111101010101111000011111111111111111111111100011000011111111110000011111111000001000111111111111100011111111110000001111111101100000111111111111111111000010111011111111111111111111111111100001111110101111100011111111110101111111100001111111111010111111110100011110101000000111111110000111111111111101111111111101011111111111111011111111111111111111111000111111111110110001001110
11111111111110000001111111111110111111010000111001111111111100111111111111111001111001111100011111111111111111000011111100011111111101010101010101111100001111111111111111111111000111000001111111110000001111100000000001111111111111111111111111110101011111111100101010111111111111111111111000111111111111111111111111000011100011111110001111110011111101111111111111000000011111000010001111111110011110111010000011111111000111111111111111111111111111011111111111100000111111111111101111111010111111011110100000001100
11111111111111000011111111111111111100001010101111111111111111111000010111111111110101111100011111111111111111100111111100011111111000111101010100111100011111111111111111111111100000000011111111111000001111000000000001111111111111111011111111110111101111111000001010111111111111111111111111111111111111111111111111110000101010111000000011111111111111111001111111100000011111000101111111111110101110111111111111111111101111111111111111111111111101111111111111100010111111111111111111111111111111111110000011000000
11111111111111101011111111111111110000111010101011111111111000000001111111111001111100010000000111111111111111111111111110011111111111111111111000111111111111111111111111111111111111000000111111110001010000000001110001111111111111111101111011100011111111111100000000111111111111111111111111111111111110111111111111111100101110101111110111111111111111111111111111110110001110000001011111111111111111101011110011111111101011111111111111111111111110011111111111000010111111111111111111111111111111111111101000000000
11111111111111111000111111111111100000111010101011111111111110100001111111111111110100011110110001111111111111111111111110000111111111111111111101111100111111111110111111011111111000010111111111100001110111000001110011111111011111111000111011110010111111110001010000111111111111010111111111111111111111011101111111111100011111100001110101111111111111111001111111111111101110000111111111111111100001010011111111111110101011111010111111111111111110111111111111100010100111111111111111111111111111111111111111100000
01111111111111111100011111111111110001111010100001111111111010101111111111111101111000000001100000001111111111111000111111100111111111111111111111111111111111111110111100011111111111111111111111111111111111110001111111110100011111110000000001110000011111110101110000011111111111010111111111111111111111111101111111111100111111000011111111111111111111111111111111111111011111001111111111111111100001000011111111111010111010111010111111111111111110111111111111000010110001111111111111111111111110101111111100001100
01111111111111111000110111111111111011111111110001111111111110111111111111111101111100010111111101000111111111110000111111110111110111111111010111111000011101111000111000000111111101111111011111100001110111110101110001110000011111110000000000111000111111110001111101111111111101010111111111111100111111111111111111111100011111100111111111111111111111111101010111111111011111111111111111111011100000000011111111111110111110101000001011111111011111111111010111000011010100001111111111100011111100100111111110111111
01110001111111110000000011111111111000111111110101111111111110111111111111111111111111000001111111000001111111000001111111111111111000011100000111111111110111110111111000001111111111111111011111111111111111111111110001000000011111110000000000111000111111110001111111000111111101010111111111111000111111111111111111111100011111111111110111111110111111110111010011111100001111111111111111100011110000001111111111111101111111000000000010111110001111111111011111011100011111000111111111111111111000000011111100011110
11110101111111110000100011101111111111111111011111011111111000111111111111111101111111000011011111010000111111110001111111110111111111111110000011111101110001111111110000000111111111111111111111110011111111111011110001110101111111100000000000001111111111100001111111111111111101011111111111111100011111111111111111111000011111111111110111111111111111000001111111010101011111111111111110001011010100000111111100111111011111000000000010111110001111111100011101011100011111010111111111100111111110000011111110111111
11110111111111100000001111111111111101111111011111011111111000111111111111110111111111000000001110011100011111111111111111111001111110011100000111111111111111111111110100011111111111111111111111111111111111110011110111011111111111100010000000001011111111100001111111100011100101011111111110011110011111111111111111111100011111111111010111111111111111000111110001111111011111111111111100001111111111011111111101111111111100000001111000111111001111111000011100111100001111111111111111111111111111111111111111111110
11111111111111110000011111111111111110111111011111111110100000111111111111100001111110000100001110111101011111111111111111110111111111000000001111111111111011111111110101011111111111111111111111111111111111110000111111111111111111100010000000000011111111000000111111100111111111011111111110111111111111111111111111111111111111111111001111111111111111000111111111111111111111111111111000001111111111010111111111111011111100000111111011111111111111111000011000111100001111110111111111110111111100001111111111111111
11111111111111110000011111111111111110111111111111111111100011111111111111100011111100011100000000111111001111111111111111111111111111100000111111111111111111111111110100011111111111111111111000000111111111110100001110111111111111110000001000000111111111000000111110100111110100011111111100011111111111111110010111111111111111110100000111111111111111001111110011111111111111011110011110001111111111000111111111111011111000000111111110000111111111110000101100111111001111111111111111111111111001111111111111111110
01111111111111110000111111101011111110011111111111111111000001111111111111000111111111000100000001111110001111111111110111111111110111100000111110011111111111111111111111111101111111111111111000011101111111111110001111111111011111100110010000000011111111110101111111101111111100011111111000001111011111111110000001111111111111111000000011111101011111001111111111111111111111111011111110000011111111000000111111110001111110011111111111100011111100011000101000011000001111100001111111110111111000011111111111011110
00101111111111110000111111101011111100001111111111111111110111111111111110000111111110010101000001111111111111111111111111111111111111110001111111111111011111100011111100111111111111101111111100000000011111111110000110011111000011110001111100000110001111111100111111111111110100111111111100001111001111111111000101111111111111111110000011111000011100011111111111111111111111111110111110001011111111000000111111111011111110011111111111100000111000000111111100001111101111111011111111111111110000011111111100010100
00000011001111111001111111101010111110011111111111111111110100010100111110001111111110000111000011111111111111001111111011111111111011100000111000001110011111000001111111111111111110001111111000001000111111011111000111000100000000000011111101011111001111111111111111111100010001111111111111000000000010111111110101111011111111111111101011111001111111111111111111111111100011111111111111011111111111100000111111111011111111111111111011111001111010111111111100000000011111110000101111111111111000011111111110011100
00000001111111111010111111111110001111111111111111111111111111000000011100000111111100000111110001111111111111001111101011111111110000111000111110111111011101010000111001111110011111111111111111101000111110011111000001000011100000111101111111111110011111111000000111111100011101111111111111111011000000001111111101111111111111111111101011111111111110111111110001111111110000111111111111011111111111100000111111111011111111011111111111111111111111111111111100001111100011110000001111111111111000010111111101111100
00001011111111111111111111111111111111111111111111111111111101000000001110111111111100011111110111111111111111000111001111111111100000001100111110101111011111111011111011111111111000111111100000111010111100000111110000000000110000000111111111111111011011111001110000011100011000011111111111111111110000111111111111111000111111101111111010101111111111111111100001111111110000011111111100111111111111100000111111111011111111000101111111111111111111111111111101011111111001110000010001111111111100000101111111111100
00101011111111111111111111111110001111111111111111111111111111110000011110111101111000001111111111111111111111000100011111111111000000111111111111111111011111111111111001111100010001111111100011111100011100010111101000001111111111111111111111111111111111110000011111111100011110011111111111111111111101111111111111111110000111101011111111111111111110111111100001111111111110011111111100011111111111110000111111111001100000000000111111111111111111111111111101011111111101110000000111111111111110000101011110111100
00101011111111111111111111111111111111111111111111111111111111111100011111111100111100111001111111111111111110000000011111111110000111111111111111111000011111111111111101111111111100111111100100111100011111111111111010111111111111001111111111111111111101000000111110011110001100000111111111111011111100111111111111111111010111111011111111101111101111111111110111111111101110001110000000011111110011111101111111100011111111000000111111111111111000111111111101111111111111111100111111111111111110001101111111111000
11111001111111111111111111111110001111111111111111111111111110100000111111111100111100001001111111101111111000111000111111111110011111111111111111111000111111111111111111110001111010111111100001111100011111111011111011111111111111111111111111111111111111000001111000111110000100000111111111111011111101111111011111111111010111111100111111111111111111111111110000111111101111111111111100011111111111111111111111100001111110000000011111111111111001111111110111000001111111111100001111111111111100111111101110001000
11111001111111111111111110111111111111111111111111111111111111000000011110111110011110000011111111101111111000110001111111111111111111111111111111111001111111111111111111000011111111111111111100111100011111111111111111111011111111000111111111111101111100000011111000011111100111000011110001111111111000111111111111111111010101111000111111111111011111111111111111111110101111111111111010111111100001111111111111000011111111100000111111111111111111111111100001110011111111111110111111111111111100011111111111000000
11111000111111110001111111111101011111111111111111111111111110000000111100011110111111011111111111111111111111111101111000111111111111111100111111111101111111111111111111000111111111111111111101111000011111111011111101100011111111110111111111111100111000001111110000111110111110000001111000111111111111111111111111111110100000011111111110111111111111111111000010111110001101111111111111111111100011111111111111100000111111100000011111111111111111111111110011100011111100011110101111111111111100011111111111000000
11111111111111111111111111111100011111111111111111111111111111100000111100001011111111001111111111111111111111111111111111111111111111111111111111111111111110000010111111010101111111111111111111111100011111111011111111111000011111111111111111111100000000001111111101111100111111110000010000011111111111111111111111111111101100000001111110001111011111111110000011111110000001111111111111111111111111111110101111111000111111111111010111111111111111111111111111111111111100011111111111111111001110001111111110000100
11111111111111111111111111111000111111111110000111111111111111101111111100001111111111111111111111111111111111111111111011111111111111111111110101011111111100001011111111010100111111111001111111111111011111100000111111111111111111111111111111100000000000101111111101111100111111111000011100011111111111111111111111111111111111000011111111111001111111111111001010111111000101111111101011111111100001111110111111111111111111111111111111110111111111111101111111111111111110000010001110101111011110011111111111111111
01111011111111111111111111111110111111111111111011111111111111111111111100001011001111111100111111111101111111111111111111111111111111101111110000001111101000001111111111111101111111111111111111111111011111000000111111111111001111111111111111101111010111101111111101111110000011111100001100010111111111101110000000111111111111110001111111000000011111111111001101111110000111111111001111111111111100011111111111111111111111111111111111111111111111110000111111111111111111000111111111001110101110001111111100011111
01111010001111111111111111111111111111111110000011111111111111111111111100001110011111111000111111111100111100111111111111111111111111000011000000000111100000001111110101011111111111111100011100011111001111000000111111111111111111111111111111100111111110001111111101111111110011111100001111111111111111111100011110101111111111111000111111111000011111111111111100011111001111111110000001111111111000011111111100001111111111111101111111110111111111000000011110111111101111110000011111101010111110111111111111111110
01111111101111111111111111111111111111111110000001111111111111111111110000001111111111111100111111111001111100111111111111111111111111000000000000000111101000011111111111111111111111111110111100001110001110000000111111111111000111111111111111111111111111101111110101110111111011111110001111111111111111111100000111111111111111111000011111100000001111101110111110011110001111111111001111011111111110011111011110000111111111111101111111111111111111000000000001111111111111110011110111101011111110111111111110000110
00011111111111011111111111111111111101111110000011101011111111111111111000111111111111111101111010111001111101111111111111111111111111000010000000000111111100001111110000111111111111111010111100011110000111000000111111111111111111111111111111111111111111001111110111100001111111111110001111111111111111100100001111111110001111111100001111111100001111000010101110011111001111111100000101010111111111111101001110000011111111110000011111111111111111100100000000011111101111100011110111111111111100011111111111000000
00011111111111101111111111111111111111111110000000101111111111111111111111111111111111111111111110100111111111111111111111110111111111100011100111100101111110001111111111100000111111000000011101111110000001100001111111111111111101111111111111111111111111110111000001000000111111111110001111111111111111111111001111111111111111111100101011111100000111000010101111111111001111111101010111000111111111111111001110000000111111111000001110111111111111111111101001111111101111101011100011111111111101011111111111001000
00011111111111111111111111111111111101111010100011101111111111111101111111111111111111111111111111000111111111111111111111111111111101000111110111100101011110001111110001111001111100000000011111111110000011111000111101111111111111111111111111111111111111111111000000000000111111111111011111111111111111111111011111111100111011111111101111111110011111000011111111111111000011111101010111100011111111111100000110010001111111111110000000011111111111111111111111111111000011001111111111111111111001111111111111111110
01111111111111111111111111111111111100101011111111111111111111110001111111111111111111111111111111011111111100000001111111110111111111110101111111111001111110000111110111111000111100000000011111111111000011111100110011000111111110111101011111111111111111111111000000000000111111111111111111111111111111111111011111111111111111111111101111111111011111101111111111111111000001111111111111100011101111111110001100111100010111111111111000011111111111001111111111111111000000011111111111111111100000111111111111111110
00010111111001111111111111111000000010100011111111111111111010100000111111111111111111000111111111111111111000000011111111111111111111111101111111110010111100001111111111111000111000000000111111111111111111111111110001100111111110001111110111111111111111111111100000000001111111111111111111000111111111111101111111111000111001111111001111111111111111111111111111111111100000010111111111100010000011111110101100011101010101111111111111111111111111111110111111111111100001111111111111111111000011111111111111111110
01000111101111111111111111111100111010000011111111111011111010000001111111101111111111000111111111111111111000000011111101010111111111111111111111110011111110000010101111110000111000000000111110101111111111111111000000001111110100000000011111111111011111111111111000000011100111111111011111111111111111111000111111111000101011111111001111111111111111111111111111111111100000010001111111000010000111101010111000011101010101111111111111111111111111000000111101111111110000111111101011101111000100011111111111111111
00000111101000111111111111111110101110000011111111110000111110001011111111100011111111000111111111111111110000000000111101010111111111111101111111100011111100001011111111111000000000000011111111111111111111111111000000001111110100000111111110111111000110001111110000000111100011111111110111110111111111111001111111111100001011111110011111111111111111111111111001111111111000000001111110000111101111111100111100000101011110101111111111111111111111100000111111111111111000001111111111111111111111111111111111111111
00001110001110111111111001111111111110000000111111111001111111111111110000000000111111110011111111111111111100000001111100000011111111111111111111100001111110000011111111111010111110000101111111111111111111111110000000011111110100001100011000111110000111111111111101111111100001111100001111111111001111111001111111111100001111111111111111111111111111111111111000011111111111010001111110000111111111111000111000011111111110111111111111111111111111100000111011111111111100001111100111100111111111111111111111111111
00000000001111111111111001111111111111000001110101111111111111111111111110000000001011110011111110111111111100000000011111000011111111111111111111110001111101101011111111111110000000010101111111111111111111011111000000011111111111000000011100011111100001111010111111111111111111111000110001010100001011111111111111111100011111111010111111101111110111111111101000111111111111010001111111011111111111111100111110011111111111111111111111001111111111110111111111111111111110000011111010111111111111111111111111111111
00111100011111111110110000001111111111000000000000111111111111111111111011100000111001111000111111111111111100000001111111111011111011111111111111111111111111111011111111111110001111010100011100011111111111111111111111111111111111010000000111111111100001111000011111111111111111111000001111010100011111111111111011111000011111110000111111111111110111111101111110101111111111110001111111111111111111111111111110001111111111111110001111011111111111110000010000011111001110000001100000111111111111111111111111111111
00101001010111111110101000000011111110100000000011111100011111111111111111111111010001110000011110111111111000000010011111111111111011111111110001111111111111111011111111111111000111111110011110011110111101111111111100111111111111110000001111011111110000110000011111111111111111110000011001010101111111111111111111111000011111110000011111111111111101111000011111111111111111000011111111111111111111111111111111100111111011111100011111011111101011110000011100000001000111110001111000011111111111111111111111111100
00111110000111100001111000000111111000000000001111111000001110101111111111111111111100111101111011111110000000001111110111111111100001111111111100011111111111111111111111111110001111111110000100001111100011111111111101111111111111110000111111111111100001010000011111010111111110000000001111110101111111010111111111111000111111110101111111111111111100011000111111101111111100000011111111111111111111101111111111000000101000011101111111110111111111110001111000011110011111000101111100011111111111111111111111111110
00101010001010101111011111010111111100001100111111111000111110001111111111111111011111101111111111110000000000111111100111001111110001111111111110111111111111111111010111111111111111111111111111001110000011111011110000111111111111100111111111110000100001010111011111111111111110000000001011111111111111010111111111111100111111111110001111101111111000111110111111110111111111011111111111111111111110101011111111000000000000000111111111111111110111100111111111111011110000011100111110001111111011111111111111111100
00101110111111111111111111111111110000000111111111111111111110000111111111111111111110001111111001110000101010011111110101000111110011111111111110001111111111111111111111111111011111111111111111101111000011111011110000111111111111110111111111111100000101000010001111111111110111101000001111111111111111010111111111111000111111111111111111111111111110101101111111110111111111110011111111111011111111101011111111000010000000001111111111100111011111111111111111111111110000001111111100011111111111111111111111111110
00101010111101111111111111111111111100001111111111111111111110000101010111111110011111001111111101110000111111111111110101000111111111111111111111111111111000111111111111111111111111111111111111111111000111111111110000111111111111000111111111111000011111000111111111111111110111111111011111111111111111111111111001111111111111111110001010111111111110101101111111111111011111111001111111110000111111111111111101011110000000000111101111110101010111000111111111111111100001011111111111011111111000000011111111111100
00100111110001111111111111111111100111001111111010001111111110000001111101111110111111101111111000111111111110001111111101010111111111111111111110001111111110111111111111111111111111111111111111111111110111111111110000011111111111000011111111111000011110000011101111111111110001111110011111111111111111000111110001111101111011111111111000111111111111101111110111111111111111111000111111110000101111110111111111000111000111111111111111000000011101110111111111111111110111001111111000111111111100000000111111111100
01111111100001111111111111111111111111011111101011111010111111000001110001111111011110111111111000101000011111000111111111011111111111111101111111111111111110101111111111111111111111111111111111111111111111111110111100000001111111000111111111110000111111111111111111111111110000111111111111111111110000111111111001111111111111111111111100001111111111111111110001111100011111111101111111111101111111110111111111110000011111111111100111100000000101010111111111111111111111111111111111111111111110000000111111111110
01111111111011111111111111111111111111111111000000110000100000000011111111111111111111111011110001100000011110001111111111111111011111111111111000011111111111101010111110101111111111111111111111111111111111111110111100000001111110000011111111000001111111111000001111110001111000011111111111011111111000000011111001111100111111111111111110001111111111111111110001111100000111111101111111111100011111110111110011100011001111111111111011000000000001111111111111110111111111111111111001011111111110001000101111111110
01111111111111111111111111111111111111000000000011111000010000100001111111111110011010100011110111000000011111000111110111111111010101111111111001111111111110000000011111100111111111111011111111111111111111101010111110000001111111001111110000000011111111111000111111111111111000111111111110011111110100000001111111111111111111111111111000000111111111111111111000011100001111111111111111111110011111111111111001000000011111111111111111111000000111111111111111100001111111111111101001111111111111111110000011111110
01111111111111111111101111111111111111000000000111110000110000001011111111111100111110111111110011100011010101011111110011111111010111111111111111111110111110000000111110000001111111111011111111111111101111100011111110110101111100010111100000000011111111111000011111000111111111111111111110001111111110000000001011111111111111111111101111001111111000011111111000011000001111101111111111111100011111111111110001110000001111111111111110100111111111111111111111100000111111111111110000111111111110111111000011111110
11111111111111111111111111111111110000000000011111111000111100011110111111111100001010101111100111111111110101111111111111111101010001111111111111111111111100001110111111000000111111111011111111111111101010000011111111111111010000010101000000001111111111111000111111101111111111111111111100011111111111110100101010111111111111111111111011111111111111011111111000000000111101101111111111111110011111111111100011111100000111111111111110101111111111111111001111101000001001111111100001111111111111111111110011111110
00111111011111111111111111111011100000000000011111110001111000001111111110000100001111111111110001110111111110111111110111111111110001111111111111111111111000001111111110000001111111111011111111111111100011000111111111111111010000110101010100001111111111111000111111101111111111111000011111111111101111111111001010101111111111111111111111111110001101000011111000100000111111111111111000111111111111111111100011111000000111111111111111101111111111111111100111111110000000111111100000111111011111111111111111111110
01111111010111111111110111111111111000001000111111111111111111111111111111000111000111111111110011111111111111111011111111110001100011111111111111111111111100001111111111000011111111111111111111111111100110000111111111111111010000000001011111000011011111101000011111111011111111101000001111111111111111111111111010000111110000111111111111111111111111000000010000110000100011111111111111111110011111111110000111111100000011111111111111101010111111111111000111111100000000011111101000111111011111111111111111111110
00010101011111110011100011111111111111111000111111111111111000000101111100001110001111110101111000111111111111101011111111100111111111111111111111111111111100001111111111000111111111111111111111111111111111001111111011111111110001111111011111000000001110000000011111111010111111111000011111111111101111111110001110001111111000101011111111111110111110000000000000100000000111111111111111011111111111111100000011100000000111001111111111100000111111111111100011111100011110111111000000111101011111111111111111111100
01110101000111111111110001111111111110011111111110111111100011111111111111111111000111111111111111111011111111100011111111100011111111111111010111111000011101101111111111111111111111111111111111111111111111000111111001111111100000011111111111000000000000000000011111110011111011111100011111111111111111111110001110000111111111101001111111101010111111100000000000000011100011111111111111000000000001111100000111000000000101110111111111000011111111101110000011111100011111111111001110000001011111111111111111111110
00000111001111111111110000111111111111111011111111111111000001111011111101111111111111110000111111111001111010000111111111101111111110001111010111100000011111101011111111111111110011111011111111111111111111111111111001111111100011111111111111110001000000000000111111111111111111111100011111111111010111111110001111001111111100111010111111101010111111110000000000000111100011111111111111100000000001111101000111000000011111000000111111111111111111111111000011111110111111111100000010100000001111111111100111111100
00100111001111111111111000011111000000000011111011111100000001111111111111111111110111111111111111100001111110101111111111111111111111001110000111110000111111110001111111111111000111111111111111111111111111111111111001111111100011111111111000111111100000000000111101011111111111111110011111111111111001111111111111001111111111111111111110111111111111110000000000011111100001111111111111100000000001111101011111000010111111110011111111111111111111000111000011111111111111110000001010100001000111101010000111111110
00100011111111111111110001111111000111100011111001111000000000111111111111111111111101100111111111000001111010111111111011111111111111111110000111110001111111010001111111111111001000011111111111111110011111111111111101111111000111111111111001111111100000000001111111111111111111111111101111111111111101111110011111011111111111111110101110111111111111110000000000111111100000011111100111110000000001111111000111111111111111111000011111111111111111110111000001111111111111111000000011100111111111111111000111100000
11000111111111111111111101111101011000001111110011111000000000111111111111111001111100111111111111000111111111111111110001111111111111001110001111111011111111111111111111111110001110111111111111111111010101111111111101111111101111111110111101111111100000111111111111111111111111111111111111111111111101111111111111111111111111111111000000001111111111100000000000111111100000111111111111111111100001111110001111111111111111111000011111111111111111010101010111111111111111111000000111110111110111111110011111100010
00000111111111111111111000111101111111111111111000111110000000111111111111111000111100001111110101000111011111111111110001111111111111111100001111111111111101111111111111111110011100111111111111111111000001111111010101111111111111111111111101111111100000111111011111111111111111111111111111101011111101000000111111111110000111111111000000011111111111000000000001111111111000001111101111110111110000111111101111111111111111111000011111111111111101111101111111111111101111111000001111111111111111111111111110000000
00001111111111111101101000111000111111111111111000111111000011111111111111110000111100011111110101010101111111111111100011111111111110111010011111111111111100111111111111111111011101111111111111111111000001111110011111111111111111011111111111110111100001111111111101111111111111111111111111101111111111111001010111111111000111111110001000011111111100000000000000111111111010001111111111001111111001111100011111111111111111111000011111111111111101111101111111111111111111111000111111111111100011111111001111000100
00001111111101100000001110111000011111111111111101111111000011111111111111100000011000001111111100010111011110011110101111111111111111111110111111111111111100110001111111111111111101111111111111111111000000111100000000111111111111111111111111100011110000111111100111111111111111111111111110001111111100000000011111111111100011101010111000011111111110000010000000111011111110000111111111000001111111111111111110001111111111111010111111111111111111111111111111111100001111111000111111111111110001111111111111000110
00111111110111110000001110111000001111111111111111111111000111111111111111000111000000000011111111111111111111110111001111111111111111111111111111111111111111000001111111111111111110111111111111111111000001111110000111111111111111101111111111000011111101111111100001110111111111111111111111001111111111110000110011111111101111001000011110011111111100000100000000011111111111101111111111101000011111111111111111001111111011111111111111111111111101111111111111111000111111111000011111111111111001111110000111111110
0011111111000111011011111111100000001111111111111111111110001111110101111000011100000100000111111111111111110101111111111111111111111111111111110111111111111111000011111111111111110011111111111111111000000101100000000111111111E111111111111110000011111111110101110111110101111111111111000100000111111000100001111111111111111111001000011100111111011111001111111110111111111111111111111111111010011111111111111111001111100011111111111111111111111111111111111111110001111111111000111111111111111000011111110111111110
01111111100111110111111111111111000000111111111111111111001111111100001110001111100011111111111111111111111111111111111111111111001111111111111111000110111111110000111111111111111100111111000111111011111111010001000111111111111110001111111100001111111111111101111111110101111000111111011110000111011110100001111111111111111110000000000111111111010000000111111111111111111111111111111001111110000101111111011111111010100011111111111111111111110111111111111111111111111111111000001111111111111000001111000111111110
01111111000011111111111111111111110001110001011111111100111111111000001110011111110001111111111111111111111111111111101111111100001111111111111111000000111111111100111110101111111000111111111000111111001111110001110111111111111100011111010000001111111111111101111111111100111000111111000110000011111000000111111111111111111111111100000001111111011111101111111111111111111111111111100000011111100000111111011111000010100111111111111111111111111101111011111111111111111111111000001111111111111000000111111111111110
00111100000111111101111111111111110101000000011111111100001111111100000010111111110001111111111111110111111111111110000111111100000111111111111110000000111111111111111110101111111100011111010000111111111111111111111111111111111000011110000000001111111111111111111111011000111000011111001110000111111100001111111111111111111010111000000111100111110110001111111111011111111111110011111000010111111000011100000111100000110111111111111111111111111100011101111111111111111111110000000011110101111100000111111111111110
01111100000111111111111111111111111110000000011111111100001011111000000111111111111000111111111111110111111111111000001111111100001111111111111111101000111111111100111110001111110100111111111100011100000111111111111111111111111100001110000000001111111111111111111111111110101000111111001111100011111000011111111111111111111011111111111111100111111111011111111111000100111111000111111000011111111110000100000100000000011111111111111111111111111000110000011101111111110101000000000000000011111000001111111111000100
00111000000011111000011111111111110110100000001111111110001111111000001111111111110001111111111111111111111111111110111111111100000111111111100011111001111101111011111110001111011111111111111111010111000111111111111111111111010100011110000000000011111111111111111111111111111000011111011111000111111010111111111111011111111011111111111111000111100100011111111111000001111111000011111101011111111100000000000000001000011111111111111111111111111100111000000011011111110000000011100000000010101111111110111111111111
00111010100011111111111111111111111110100000111111111100001111110000011111111111111000111111111111111111111111111111111111110000000001011111000111111111111111111110111110000011111111111111111111110000000001111111111111111100001111010111100111101111111111111111111111111111111111000111011111000011101011111111110101111111111011111111111111000111111000000111111111011101100000000111111101111111101100000000111000011000001111111111101111111111111111111001000000000001111100001111110001000010111111111110011111101110
11101011000000111100101111111111000010111101011111111110111111110000111010111111111111111111111111111111111111111111111000010000000000011111110111110111111100111111111110000111111111111111111111111111100111001111111111111110000111000000111111111111111111111111110011111111111100000101011110000010101011100011111001101111111011111111111101011110000000000111111111011111110000011111111111111111111110000000111010111100011111100111001111111111111111111001110000001111111111111111110001111011111111111110000111111111
01111011110000011111111111111101011111110000011111111111111111111101111110101011111100111111111111101111111111111111111001111100000100001111110101011111111111111111111100011111111111111111111111111110000000000111111111111111000111100001111111111111111111111111110011111111111111100000011110000000101111100011110000111111110111111001111101011100110000000001111100011111110000111111111111111111101110000011111100111100011111111111000111111111011111111111100000100000111111111111111111111011111111111111100111111110
11110000011100011111111111110100000011111100011111111111111111111101111110101111111111111111111110101111111111111111110000111111000111111111111100000111111100111111011100011111100011111111111111111111001111101111111111111111000111100001111111011111111101110001110001111111111111000000011111000010111111100001110001110011110011110011110001111100000000000000111100011111100001111111111111111111111111100000111011111110111111000111101111111111000111111010100011111001111111111111111111111111111111111111100111111111
01110000101100001111111111110100011111111100001111111111111111111111111111111111111111111111111111111111111011111011111001111111100111111111111100000111111111111111110000111111000000111111111111111111000001111111111111111111100010000011111111111111111000010011110001111111111111110001111111000011111111110111110001111111100011111011111000111110000000000101111100011111110001111111111111111111111111110111111000111100011111111111111111111111000111111000000001111100000111111111111111111111111111111111111111111111
11100000011110001111111111110000000111111110011111111111111111111111111110111111111111111111111111111111110001111111100000111111000001111111111110001111111111111101111100111111100110111111111111111111111111111111111111111111000011110001111111011111111101110101110011111111111111100001111111000011111111111111110011111010101010101111110000111110000000011111111111111111100011111111111111111111111111111100111111111111010011100011101111111111000000000010000011111111000001111111111000011110111111111111111111111110
01110101011110001111111111101111101111111111101111111110101111111111111000111111111111111111111111111111011001111111111111111110000100011111111111000000111111111111111101111111111111111111111111111111110101111111111111111101010101000000100001111111111111111101000001111110111111111111111110000000111111111111110011111111101010101011110000111111000001111111110111111111100001111100111111111100111110111101111111111111110011111111111111111111110000000000000111111111000000111111111000011111111111111111111110011110
01000111111110001111111111100011101111111111111111111110101111111111100000111111110111111111111111111111111111111101110111100011111100111111111111111111111111111111111111011111111111111111111111111111111101111111111111111101011111110100000011110111111111111000000011111100101111111111111111000000111111111111100011111110101011100111110000011111000111111111100111111111110011111100111111111101111110111000111111111111111111110000011111111111110000000011111111111110000001111111111000011101011111111111111100011100
01111111111110011101111110000111101011111111111111111111001111111111100000111111010111111111111111111000111111111001111111111110111111111111111111110101010111111111111111111111111111111111111111111111111111111111111111111111111111110100101011110001111111111000010011110000101111111111111111100000001111110011111111111111111111110000110000011110000111111111000011111111100011110000111111111101111111111111111111111111111111111101111111111001111100000011111110111111000011111111101001111101010111111001111100011110
11111111111111011101111100001111101011111111111110111111001111111111000111111111111111111111111111111100111111110001110111111111111111111110010111111111011111111111111111111111110111111111010111111001111111111111111111111111111111111110111111000000011101111001110010101000011111111111111111100000111111110111111011111110111111111111100000011111111111111111100011111111111111110011111111111111111111111111111111111111111111111111111111111101010100101011111110011110000011111111101101011100000111111111111101111110
01111111111101111000011000011111100111111111111001111111000010111111111111111111111111101111111011111000111111100000111111111111111111111000001111111111110101111111111111110111110111111100000101111000010111111111001011111111111111111001111100001011111111111101111110101000011111011111111111110001111111110001111111111111111111111000000001111010110111111111000011111111111111100011111111111111111111111111101111111111111111111111111111111111110100101111111111011100000111111111111111011100000011111111111101111111
11111111111111111000100000111110000111111111110110111101001111111111111111111111111110000111111111111110011111101011111011111111111111111000000111111111111101111111111111110111111111101100000011111100000011111111010111111111111111111110111111011110000111111101110000111110111111111111101111110101111111111101011111111110110000111111100111110001111111111111110111111111111111111111110111111111111111011111100001111111111111111111111111111111111100000111100111110100000111111110111110000000000010111111110000111111
11111111111111110000000001111000001111111111100011111111011111111111111111111111111111001111111011111101011111101001111110111000111101111110001110111111111000111111111111100011111111000000000111110000000011111111000111111111111111111111111001111111001111111100111000111111111111111111101111111111111111111111000111111111111010101111111111110001111111111111111111111111111111111111111111011111101111011111101111111111111111111111111111111111111000000111111111111111111111111111111110001100000010000111111010101111
11111111111111100000100001111100001111111111000011100000111111111111111111111111111111010111111111111111111111111111111111111100011111111100101111111111110001111111111111111111111111100000000111110001000111111111100111111111111111111111111111111110000011111101111001111111111111111111101111111111111111111111000111111010111110111111111111110000111111111111111111111111111111111111000111011111000001011111111011111111111111111111111111111111100000000111111111111111111111111111111111000010001010001111111111101111
11111011111110000010101011111101011111111111110011110111111111111111111111111111111111111111111111111111111101111111111110111111111111111111101111111111111001111111111110001110111111000000011110000001010111111111100111111111111111111111110101111111001111111101111111111111111111111111111111111111111100111111000111100011111111100111111111110101111111111111111111111111111111111111111111001111000111111111110111111111111111111111110111111111000000000011111111111111111111111111111111011110000111100011111111111111
11111000111111000010101011111111111111111111110011101011111111111111111111111111111111111101111111111111111111111111111111111111011111110001111111111000101111111111111100011111111111110000111011110111111111111111111110101111111111111111110101010101011101111111111111111110111111111111101111111111111111111111001111111111111111110011110001110101111111111111111111111111111111111100011111100111000011111111010100011111101000111111101111111111101011100011101011111111111111111100010111111111110000001111111111111111
01100000111111000010111111111111111111111111111101100011111111011111111111111110111111111001110111111111111101111111110110100111111111100001111111110010111111111111110000001111111111100001111000001111111111111111000111101011111111100000000101010101111111111111111111111000111111101111101111111111111100111110001111101111111111100011111001010111111101111111111111111111111111110000111111000111110111111111110000001111000000111111111011100010001111111011100011111111111111111111111111111111100001111011111110111110
11100000001101000011111001111111111111111111111111000001111111111111111111101000111111111000110101111111111111111111100111101111001011111011110101010000111111111111111100101111111001100011111000111111111111111111001111100011111111101000000010100001111111011111111111111110111111100010101111111111111111111110101110111111111111111011111000010111111101111111111111111101111001110100111111010111111111111111111000001111000001111111111110000011111011111111110001111110100011111110001111111111110000001111111000011100
00010000111101000011110011111111111111111111111110000001111111011111111111100000111010110001010011111111111101011111100011110111111010001111000000110000111111111111110000111111001111100011110000001111111111111100000111110001111110101010001111110001111111111111111111111111111111111110101111111111111111111110001010111110111111111111111110011111111000111111111111111101111111111111111111001111111111111111111010101000000001111111101011000000000010111111110011111111110011111111111111101011111001111111110000010000
01110000011110001111110011111111111111111111111111100000111101011111000111000000101001111000000000011111111111111111100000011111111000011111000000011000111111111111111100111111100000000011111000000011111111111111111111000111110111111010101111000000011110011111111011111111111111110010101011111111111111111110001010111110001111111111111110111111111000001010111111111100011111111111111101101010111111111111111010101010001111111110011111000011100111111111111111111111110001111111001111111000111010110011110101010000
00011111111111001111110111111111111111111111111111100011111111011100000111110000110001111100000000011111111000111111110001111111111110001110000000000000111111111111111011111111100011100111001110000000111111111111111111111111111101111011111111000011111111111111100011111111110111111110101111111111111111111100001110111110000001111111011010111111111100011010111111111110001111111111111111001110001110101111111010101010101111111111111111000001010111111111110111111111111111111111111111111000001011111000111111110000
00110000011111011111111111111011100011111100001111111111111111000110000011111100011111111100000000011111111001111111111000011111111110010100000000100001111111111111111111111111111000000001111111000011111100011111111111011111111111110011111110001110011111011111100000111111110111111000111011111111111111111111101111111000000000111110000110111111111100011110000111111111011111111111111111111110001010000011111000101010111111111111111111100011111111111111111111111111111001111111111111111100000011110000011111110000
00111111111111110111111111100000111111111110111111111111111111000000001011111100111111111111010000011111111101011111111000111111111111011110001110000000111111110101111111111111001010111111111111111111111000011111111111111111111111100001111111111111011111111110000011111111111111111000011111111011111111111000101111111100000000011100011111111111110111111010000001111111111111111111110111111111011110000111111000101010111111111111111111111011111111111111111111111111111111111111111111111110000011110000111111110000
01111100011111110000111111000001111111111110111111111111111111000000001011111111111111111001110000111111111111011111111100011111111111111100001111101000111111100001111111111111111110000001111111111111110000011111111111111111111111110111111111111110001111111110000000111111111111111000111101111000101111111111101111010000000001111100111111111111101111111110101111111111111111111111110111111111111111101111110000111011111111111111111111111111111111111111111111111111000011111100111111111110000011110001111111000000
01111111111111110001111111100000111111111111101011111111111111010100001000111111111011111111110000111111111111011111111000011111111111111110001110000000011111111111111111111111111111110001111111011111100000011111111111111111111111101011111111011100000101111111101111111111111111100001111111111111111110000111111100001111000111111000111111111111000111111000111111111111111001111111100111000111111111111111110011111111111111101111111111111111111111111111111111111111000111111101011111111111000011110000010100000000
01111100111111011101111111000011111111111111101011111000111111000000001100011111111001111111110000111111111111110011111000000011111111111110001110101111111111111111111111111111111111100011111111010111110000011101111111111110111111101111111100000000000101111111111111111111111110000001111111111111111111001111111100000001011111111100111111111111100011111000111111111111110000111111001100000111111111111111110001110111110111111111111111110011111111111111111111101101010011111111111111111111000001000000000000000100
00111111111100011111111111100111111000111110000001111100011110000110111100111111111111111111100000111111111101111111110000101111111111111111101010111111111111111111111111111100111111100001111111010101111001010101111111111111111110101011111100000000011101111111111111111111111111101111111111111111111110101111111110001111111111111100011111111111100010100000111111111111100000111111100110000111111111111111110011100111110101011111111111100001111111111110011111111111000011111111111111011111110000000000000000011110
00111111111100011110101010101111110001111111110001111100011111000010111111011111111111111111110000001111110111111111110000111111111111111111111111111111111111111111111111111111111111101111111111111101111100010111111111111111111100001111110000000000001111111111111110101111111111110001111111011111111111111111111111101111111111111110001111111111100000000001111111111111100000011111101010111111111111111111100010000011100111111111111111110001111111111110001111111000100001111111111111101111110000000000000000111110
00011111111000111111101011111111111100111111110101111110011110101111111111111111111111111111111100001111111111111111110000111111111111111111111111111111111111111111111111011100011110101101111111111111111100011111111111111111111000011111111100001110101000111111111110001111111111111111111110000111111111111111111111111111111111111111100011111111111000000101011111111111100000011111101011111110011111111110000011101111100111111111111111010100001010111110001111111110000001111111111111101111110000000000000000011110
00011111111111111110101000011111111111111111111111111100111111111111111111110111111111111111111110001111111111111111111000011111111111111111111111111111111111111111111110010111111111111101111111111111111110001111111111111111110000011111111100001111111110111100111110001111101011110000111110000111111111111111111111111111111010101111110011111111110000001101110011111111100000000111101111111100111111111100000111110011011111111111111111110100000011111111110111111100010111111111111111111111111000100111000010011110
00111111111111111111111000011111111111111111111111111101111111111111111100000001111111111000111111001111111111111111111000111110011111111010111111101111111111111111111100000111111111111100011111111111111111011111111111111111100001111111111111111111111110111111111110001111100000011111111100000111111111111111110111111111100000000011110111111111111110111111001111111111101000000111111111111110011111111000000111111001111111111111100111100001001111111111111111111100011111100010111111111111111111111111100000011110
00111111111111111111111101111111111111111111111111111001111111000011111111100111111111110001111110011111111111111111111110101011111111111010111111100111111111111111111101000011111111111101111111111111111111111111111111111110000011111111111111111111111111111110111111111111100000010111111100000011111111111111111011111111100000000001111111111111111111111111111111111010101111011110100101111100011111111000001111111001111111111111111111110000000111111111111111111101000111000000111111111111111111111111111110011110
01111111111111100111111111111111111111111111111111111000000111100111111111001111111111111000011111001111111101011111111010101011111111110000001111101111111111111111111111000111101111111111111111111111111111111111111111111100000111111111111111111111111111111111111110111111010000011111111100001111111111111111111000111111101000000011111111111111111111111111111111111000101111111111111001111110011111111100011111111001111111111111111111110011111101111101111111111111000111100000001111111111111111111111111101111100
00011111111111111011111111111111111111111111111111110000000000101011111111101111111111110000011110011111111100001111111111100011111111110000111110111111111111111111111111110100001111111111111100111011111111111001111110111110000111111111111111111111111110111111111101111111011000000111111110000000111111111111111100011111111110000000111111111111111111011111111111110000001111111100010000111111011111111111111111111111111111110111111111100111000111111111111111000111100011111110011111111111111111111111111101011110
00011111111111001111111111111111111111101011111111110000000001111111111111111111110011111000010101011111111100000111111110000011110000111011111111111111111110111111111111111100000111111111111100111111111111111000011111111110000111111111111111111111010111111111110000111111111000000111111100010001111111111111111110011111111110000011111111111111111111001111111111111000000111111100111111111111111111111111111000111011111111111111111111111111111111111111111111111111000011111110111111111111111110111111110101011110
00011011111111111111111111111111111111100011111101110000000001111011101111001111111111111111010101111110111100000111111111111111100000111111111111111100111000011111111111111100000111111111111100111111111111111000011111111111000111111111111111111111111111111111110001111111111000000000011110000000111111110011111111010111111111100001111111111111111111000010111111101010000001111100011111111111111100011111000001111111101111111111111111000111100111111111111111100111111111111111111111111111111110111111110000001111
00111111111100001111111111111011111111100001111100010000000000100010001111000111110001111111010101111111111100000011110000111111100001111111111111111111111100111111111111111100000111101111111111111110111100110001111101011111111110001111101110001111111111111111100001111111111111011100000000000000011100111110111111100001111111111011111111111001111111000000111111101111000001011000011111111111111000000111000001111111111111111111111111110111100111111111111111111111011111000001111111111111111111111111110000001010
01111111111000001111111111111001111111110001111000000000000001100000111111000111110111111111000111111111111100000011111111111111111111111111111111011111111101111111111111111101000111000011111111111111111111111011111111010011111111000111111110011111111111111010100011111111111111111000001110000000000001111000001111000011111111111111111111100011111111100000111111111111100001001000011111111111111000000111000001111111100111111111011111000001111111111111111111100111111101110001111111111111111111111111111100001110
00111111111000001111111111111111111111100011111110000001111100000000111111110011000000111110001111111111111100000111101011111111111111111011111101011111111111111111111111111111111111000001111111111111110101111011111111111111111110000011111110001111111111111110101111111111111111111110000000000000000001111100001110000001111111111111111111110001111111010001111111111111110111000000011111111011100000011111110000111111110111110100011111100011111111111111111111100111110000000001111111111111111111111111111100011100
00000111111101011111111111111111101111111111111111000001111111000001111111110001101011111100001111111111101111010111111111111111111111111111111001111111111111110001111111111111111110000001010111111111111111111111111111110001111011110111111110001111111101111111101111111111111111111110001110000000101011111000000100000011111111111111111111110101011101010111111111111111111111111000011111111011110001111111100000111111110111110000011111000001111110111111011111111111111000110111111111111011111111111111111110011110
00000011111101111110111000001111101111111111111111000011111100000000011111111111111110111110111111111111111111111111111111110111001111111111111001111111111111110111110101110111111110000001110101111111111101111111111111111001110001111111111110000111111100011111111111111111111111111111000000000000111111111000010000000111111111111111111100111101011110010111110000100111111111111000111111101000001011111111110000111111111111000001111111100011111111111111011111111111111010110111111000111111111111111111111110001100
00000011111111111100111110001111101111111111111111110011111100000010111111111111111111111000111111111111101111111111111111111111011111111111111011111111111111111111111111110000111110000010010100011111111101111111111111111011100000111111111100000111111100111111111111111111111111111111000101010001111111110000011000011111111000010111111000111111111100011111100000000011111111111111111111111000111111111111110101111111111111100000111111000001111110111111111100011110111111111111100000001111111111111111111100011100
01111111111110111110111000000110111111111110111100001111111100001011100111111111111111111111111111111111111111111111101111100111111111111111111110111111111111111111111111100000111110100000111100111111111000011111100111111111100011111111111110000111111111110111111111111111111111111111000001111001111111111100011111111111100000011111111001111111111111011111100000000111111111111101111111110001111111110001111111111111111111100011110111111111111111111111110100011110001011111111111000001111111111111111111100001100
11111111111111111011111111110110011111111110100000111000111110101010111111110001111111111100111111111111111111111111111111111111111110001111111011111111111111111111111111111000011111111000001000101111111110111111100001111111101110111111111101011111111111111111111110101111111111000111000000111111111111110001111111111101000000011111111001111111111111111111110001011111111111111111011111111101111111110000111111111111111111101011000001111111111100111111110000001110000111111111011000011111111111111111111100011100
11111111111111111111111110010100011111111110111100011100001101111000001111110000011111111111001111010111111111111111111100111111111111000111111110101011111111111111111111111000011111111110001110001111111111111110000011111111111111111111111111111111111111110111111110100011111111101111000000111111111111111110111111110000000000011111111011111111111111111111110111011111111111111100011110100111111111111000111111111111111111111111110101111111111101111111100010001111000011111111111100011111111110111111111100011100
11111111111111111111111111111100011111111111101001111111011100111000011111111100000011111111100111110101111101111111111111111111111000000010111111100011111111110101111111110000011111111110000100000001111111111100000011111111111110111111111111111111111111111111111111101000111111111111100000011110111111110001111111110000010000010101101011111111111001111111010100011111110001111100011111000111110011111110001111111111110111111111111111011111111101111111111111000111000011111111111101111111111110011111111110011110
11110101111111111111111111111000111111111111111111111111010000111000000111111100000111111111000111110001111111111111111000011111110001100000001111100011111111110111011111110000000111111111111111000111111111111110001011111111111000010100001111111111110000111111111111101000111111111111100000011000001111111000111111110001110001010111100011111111000000011111110000001111111101111000111111000011110001111110011111111111110111111111111111011111111111111111001111110111110111111111111111111111111111111111111111111110
01110001111111111111111111111101111111111111110011111111111000111111111111111100010111111111101111100000011111111110010001111101000000001000011111100001111111111111110010000101011111111111111111100001111111111111111111111111110000000111111110011111111110011111111111101000111111111110000000001000001111111011111111110001111111110001000111111111110000000001010000000111111111111000111101000001111101111111001111111111111111111011111111111111111111111111111111111111110111111110101111111111111110001111111111111110
11100001111111111111111111111000111111001111110001111111111101111111100001110000011111111111111111110000111111111110111111100000000001111110001111100011111111111111111000000111111111111111111111111111111111111111111111111111100000000000111111111111011100011111111111100000011111111010000000000000011111111111011111111111111111100011110111111111110000011011111000000101111111110001111100000111111111111111011111111111111111110111111111111000111111111111101111111111110111111111101011111111111010111111111111111110
00000111111111111111111111111111111110000011100011111011111101111111110001010000111111111111111111110001111111111000100011100000000000011110011111100011111111111111111000001111111111100001111111111011111111111111111111111111000000000001111111111101111111011111111110111000010111111010000000000010111111111111111111111000111110000011111111111111100000101011111100000011111111111000110100001101011111111111010110001111111111111111111111111100011111111111111111111111100111111110111001111111100000001111110100011111
11111111111111111111010111110001111111101111110011110001111111111111110111000000001111111111111111100111111111111100000011001010000011111110001111110111111111111110100000100011111111000001111111111111111111111111110111111111000010000000111111111100011111111011111110111000000111111110100000000101111111111111111111111000111000000111111111111111110011111111110101111111111111111011110100001110011111000011000100011111111111111110111111110000011111111111111110010111100111111111110000111110000000111111110000011110
00000111111111111111010111100011111111111010110111100011111111111111111111110000001111111111101111111111111111110001110001000000001111111111011111111111111111111100000000111111111110000000111101111111111111110111111111111110000000100000011111110000111111111011111110111111111111111111100000000111111111111111111111110001111100000101111111111111111111111111110111111111111111111111110100011100001111110100000000111111111111111110111111111111011111101111111111111111001111101111110101111000000000011111000001011111
11101111111111111111110111110011111111111111111111101011111111101111111111110000000111111111111111001111111111100001110000000000001111111110011111011111111111111110000001111100011111110111010111111111111111110111101111001000000111100000011111111000011111111111111111111111111111111111110000011111111111110111111101010111111100010101010111111111011111111111110001111111111001111111110100001110011111110111000000111111111111111000000100011100011111001111110101111101000111101111100100101110100000111111110001111100
00000111111111111101111111110000111111111111111111100011111111001111111111111000010101111111111111111101111111100011111011100000001111111111111100001111111111111111000000111111100001111100000101111111111111110001111110000000001111000000001111110001111111111111111111111111111111111111111010111111111111010001111100001111111101010101011111110111111111111111110000011111111111110101110100001111111111111011100001111111111101111111111111111111111111000111110001111110001111001010100011000011111000011111111111111100
00010111111111111001111111111000111111111111111111100111111110001111111111110000010100000001111111110001111111101111110011110000000111111000111110001111111111111111110001111111000111011110000111111111101111100000111111000000011111000000011111111101111111111111111111111111111111111011111011111111111110010111111000000111111101010111111111111111111111111111111000001111101111110000001000001111111111101011110001111101111111100001010101111111111100000011100001111100000111101010000010001111111100011111111111111000
00111111111111111101011111111000011111111111111111100011111100001111111111110001010100000000111111111101111110101111110111111000001111110011111100000111111111111111111101111111111111111110001111111111111110000011111111010111111111000000011111111111111111011111111111111111111110000001111111111111111110011111111000000111111101010100001111110111111111111111111000001111111111110000001010011111111111101011110011111000011111111111110011111111111001000111110001111110000011101010000011111111111110011111111111100000
01111111111111111111111111111010101111111111111111111011111100011111111111000000010101000000111111111111110111111111100011110000001111000011111111100011110011111111111001111100011111111111111111111110011111001111111111111100111111011111111111111111111111000110111110001111111100010111111111111111111111011111111000000111111101000000111111111111111111111111111100001100000111110100001000011111111111111111111111110000011111101111111011111111111000010111100001111100000001111010001111111111111110101111111111000000
11111111111111111111111111111010111111111111111111111111111101011111100000000000010111110000111111111111110001111111100111111100001111101111111111000011110001111111111101111111111111111100111111111101111101000011111111111111111111111111111110011111111110000000111110000011111010111111111110011111111111111111111110000001111111000000001111111111111111111111111100010111111111011110101000011111111111111111111111111000011111111111111011111111111101011111100001011111000000011110101111111000011110111111111110000000
01111111111111111111111111111111111111111111111111111111111111111111111110000101010111110000111111111111110011111110000111100100001111111111111111100001100000111111000111111100111111111100111111111100110100000011111111111111011111111111111110000111111111100000011111000011111111111101111111111111111111111111111111101111111111100000000111111010011111111111111000011111000111011111100000111111111111111111111111110000011111111010111111111111111111111111100011111111100000111110111111000001111111101110111110000000
11111111101011100111111111111101111110111111111111111111111111000011110000000111010111110000111111111111111111111000000111111000000111111111111111100111110001111111011111111110111111110000111110111000000001100000111111111111100001111111111110011111001010101000111111111111111111111100011111101010111111111111111111111111111110001000001111111000000111111111111000000001011111111110101000111111111111111111111111111100111111111000111111111111111111111111100000011111100000011110111111000000001111111111111000001010
01111111101111111111111111111101111111111111111111111101111101000011111111111111000111000000111110001111111111111000001111101100000111111111011111000111100001011111011111111000011111100000111110111100000001111000111111110111000000011111111111111101111111101010111111111111111111111000011111101010011111001111111111111111111110111110000111111000001011111111111001111100000111111111101011111111111111111111111111111111001111110000111111111111011111111111111111111111110000011110101010101111001111111110101000001110
11111111111111110000111111111101011111111111111111111111111101000111110001001111000111000001111110011111111111111100011111110000000111111111111111111111110011111111111111111110011110101000111100111100000011110000111111100011100000001011111111111100011110001111110111111111100011111000011110001000011111101011111111111111111110011110001111111111101011111111111111110000001111110000111111111111111111111100010101011111001111110001111111111111001111111111111111111111110101111111100011111111000111111110000001111111
11111111111111110000111111000111010111111111100111111111111111110011111011111110000100001011111100001100111111111000011111111110000111111111011111111111100011111111111111111111111111111101111100011110000001110101111111100011110000100000111111111101111111001111000011111011110000101001011110000100011111101011111111111111111110111111000111001111110001111111111111111100011101000011111111111111111111111101011100011110001111110111111111111111000111111111111111111111010111111111000011111111000111111111100001111111
01111111111111110000011111111111010111111111000111111111111111100001110000101111100000101111111100011101111101111000111111100000001111111111111100111111110001111111111111101111111111111111111100011111000101010001111111100011100000110000111111111111111111011111000011110001110000111111111100010100001111101011111111110011110111111111000111011111110001111111101111111111111100000011111111000111111111110001111111111110001111111111111111111111000011111111111111111111011111111111000111111111100111111111101111111111
11111000111111110000011111111111111111111111100111000111111111100001110001111111100000001111111100000000111101111000111111111100001111111111011111000111100000111111111111011111111111111111110000011111110101000001000001000011111011111000111111010001111111111110000001111001110101111111111111010101011100001111111111100000000001111111000011111111100111111110000111111111111100000001110111000001110111111101111111111111001111111111111111111011100111111111111111111111011111111111000111111111100011111111111111111100
01111111111111110000111111111111111111111111101111001111011111111001110000111111111000011111111110000001111100111001111011111100111111111111111000000111110001111111111111011111111111011111010001111111110000000100001100000011111111111101111111000001111111111100000011111111111111111111111111110001110000000111111110101011100101011111100001111111101111111101100111011111111110111111011111110011000001111111111111111111111110111111111111111000111101111111111111111111011110111111111111001111111111111111111111111100
11100011111111111101111111111010111111000011111111000111111111001111000001111001111100000111111111000001111100111100000111111111111111111111111100011111110000011111111111111111111110001111000001111111100000001111100000001111111111111101011111000001111111111000011001111111111101111111111111100011110000011111111110111111010101011111000011111010000111100000001111111111111111111101011111111011100000011111111111111111111111111111111111110001111100011111111101111111000000001111111111000111100011111111010011110000
00100111111111111111111111110000111111000111111110010111111111111100000111100011111110000111111111100011111000111110000011111111111111111111110000011111111110001111111111101111111111011111000111111111110000011111111000111111111111111111011111101000011111111010111111111111111111110111111111110011110000011111111111111111111111111110000001011000000111111000111111111010001111111101111111111111100000001111111111111111111111111111110101010000011110000111111101111110000000011111111111111111101111111100000111111000
11100111111111111111111111110001111111000011111110000111111111111100011111111111111111000011111111101011111101111110101111111111111111111111111101111111111000011111000111101011111111001111001111111111111000011111110000111111111111111110011111111111010011111010111101111111111111000001111111111111110000111111111101111111111111111110000000000000000011110000011111111000000111111001111111111111101010101111110001111111111111111111110101010101111111000011111100001111100001011111111111100011000111111100000111111000
01000011111111111111111111101011111111110111111000000001111111111111111111111111111111000111011111111111111101111111111111111111011111111111111111111111111110001110000011100000111111111110001111111111111110111111111001111111111111111110001111111111111111111011111111111100011111110011110011111111110000111111111101111111111111111000000000011100001111111000001000111100001111110011111111111111101011111111111111010111111111111111110100011111111111110001111111100000111111111111111111100111111111111111001111111100
11100111111111111111111111100011111111000011111000000000111111111111111111011111111111100100011101111111111111111111111111111111111111111111111111111111001110011110000111100000111111111100011111111011111111111111111001111111000010011100011111111111110111111010111111111000011111110001111111111111110101111111111101111111111111111000001000111100000011110000001000011110000111100111111111111111100011111111101000111111100001111111110100011111111111111111110111100011111111111111111111100011011111101111011111110000
00000111111111111111111111110111111111111111110001110000001111111111111100001111111011000110011111111100111110111111111110010100111111111111111111111111111111101111111111111000001111111100000101111111111111010111111111111111100000111100011111111111111111111010000111111000001111110011100011111111111111111111111100011111111111110000001110111111000111110000100000001111011111000011111111110111110000111111111110101111111111111111110100001111111111111100011111110001111111111111111110101111001110001111111111000110
11000111111110101000111111110111111111101111111100110000111111111110000000001111111011000000011111111101111111111111111110000111101111111111100111111111011111111111111111111100011111111110000101111111111100011111111111110111100000011100111110111111111111110000000011111000011111111000111111111111111111111111111111111111111111111000111111111111000011110011100000001111000101000111111110111111110000111101111010011111100000111111110000011111111111111101011111100111111111111011111111111111001110000111111111100111
00001111111110001110111111100111111111111110011111100000111111111110000000001111111010000000011111111000111111111111111100011100001111111111111111111111111111111111111111111110000111111111100011111111111100011111111111110111000001111111111111111111111111111100000011110000001111110000001111111111111111111111111111111110000001111000011111101111100111111111100000000111100110000111111100011111110001111000011110001111111111111111111100011111111111010101111111111111111111110001111111111111111110001111100011101111
00000111111100001111111110001111111111111110011100000001111111111110000000000111111000000000011111111100111111111111111111011111011111111110001111111111011111111111011011111110001110101111111010111111111111111111111111000101111111111111111111111111111000001110000010100111111111111110001111111111111111111111111111111110100000111100111111000111100111111111000011010111100000011111111000111111111111110000011110011111110000011111111100001111000101010111111111111111111111100111111111111111111111001111100000101111
00001111111100011111111111000111111111011111011110000010111111111111000000000101111100000000000111111000011111100111111111111111011111111111111111111111111111111111010001111110100111100011111110111111111111111111111111000101011111111111111111111111111111111111100000001111111111100000111111111111111111111111111111111110100011111110001111111111000111111111100001010111111110111111111000111111111111110000000111111111111100001111110000001111001111111111111111111111111110110001111111111111111111111111111110001110
00111111110000011111111100000001111111001111011111000110111111011111000000000000001001010000000011111000001111111111111111111111111111111111000111111111011111111111010001111111110100000011111111101000111111111111111111000100111111111111111111111111111000111111000000011111111111111111111111111111111111010111111111111011111111111110000010011111110111111110000111111111111111111100000001111111111111111000000111111111111000001111110000000111101111111111101111111111111000001111111111111111111011111111111100001110
00111111001010111110000111110000111110000001111111001111111110011111000000000000011111110000000111111000000010101011111111111111111111110001110011111111110111111111110101111111110111110111111111111101111111111111111111111100011111111111111111111111111001111111100011111111111111000011111101111111111111101111111111111111111111111110000000111111110111111110000011111111111111111111111011111111011111110001000101011111111110001111100000011111101111111111000001111111111100001000111111111111111111111111111110001100
01111111101010111000000001011111111111000000011111101111111100000111000000000111111111110000000111110000000001111010111111001111111000000011110000111111110001111111110101111111110101011111111111110000111111111111111111111000011111101111111111111111110000111111111111111111111111001111111111111111111111101111101111111111111111111111000000011111111111111111000011111111111111111100000011111110000100000001111100011111111010111111110000001111101111111111000000010101111110111111111111111111110111111111111000011100
01111111111010101100000011111111111111000101111100001111111110000111000000001111101111110011111111110011100000111110111111111111111001100001110000001010100000111111111101111111110101011111111111111000011111111100011100111100011111101111111111111111110100111111111111111111111101000011111111111111111111111011111111011111111111111111111111110111111111111101110011111110001111111110000011111100000011111011111100000111111000111111100000011111100111111111000000000000001111101110111111111111111111110111101111101000
01111111111010110100000111011111110111010111111001111111100101000111000100001111111111110011111111100001000011111100011111111111111000010111110000111110000011111111110101111111100001011111111111111000011111111110011111111110111111000011111111000000010100000001111111110001111101000011111111111111111111111011111000011111111111111111111111010111111111111101111011111111000111111110000011111100000000111000111110011111111001111111100000011111011111111111000000100000000010011111111110001111111111111111111110101000
01111111111010000100001111111111100111011111110000011110000001111111100110011111101111110111111111100011000011111110001111111111101011111111110001111111100001111111110001111111000001111111010111111010000111111110001100101111111111010111111111100000010101011111111111110011111111010001111101111111111111110011111100011111101111111111111111010111111111110001111111111111111111111111101011111000000111111110101011111111111111111011100000001111111110111111100011110000000011011111111110001111111111111100011111101000
00111101001010000000111111111111101011111111111001111110100111111111111110001111101111111111111111100011101010111110001111111111101001111111100001111111111100111110101111111110000000111111111111111111100011111110001110001111111101010101111111110000011111000010111101010001111111110001111000111111111111110111111011111111111111111111111111111111111111100001111100011111111111111110101011111100001111111100001011111011111111111000000000111101111111111111100001111101000001111111111111000111111111111100111111111110
01111100000010000000001111111110101111111111111111111111101111111111111111011111111111111111111111000011111111111110000111111111100011111111110011111111111000111100111111111110000001111101011111110111100111111111001100011111111000000011111111110001111111111110101111010001111111110001110000011100111111111111111111111111111111111000111111111111111111101001111111111111111111000100001111111100001111111111000001111111111110000000110000000001111111111111110111111111111111111111111111001111111111111100011111111110
01111100000111111000111111110001111111111110111111111011111111111111111111011111111111111111111111111111111111111000000111111111000001111111110001111111111111111000111111111100001000111101111011110111000011111111001110011111111000000000111111110001111111001111111111110111110111110001111100111000111111111111110011110111111111110001111111111111011111111011111111111111111111111000111111111110011110111111000001110011111100001000011000010011111111111111111111111111100011111111111111111111111111111110000101111110
11111000000000111100011111111100011111111100011111111111111111111110111111111111111111111111111110101111111111110000010011111111100011111111110001111111111111111000111111111110000011111101110001110101000111111111101111111111111000000011111111100011111111111111110111110000000001111111110011111111111111111111100111111111111111111000111111111111111111111111111111111111111111111111111111111111011100011111000001010111110000001111111111010111111111111111111111111111111111111111111111111010101111111110111101011110
01111100000001111100011111110011111111111110111111111111111111111111111111111111111111111111101011111111111111110000000000111111111111111111111001111111111111111110101111111100001111111111100001111000000111111111111111111111111100101111111111110011111111111111110001111111100111111111110111111111111111111111100011111011111111110011111111110111111111111101111111111111111111111111111111111111111100111110000011000011100000111111111101111111111111111111111111111111000011111111111111111100000111111111110101011000
11111100000000010100011111111100011111111010111111111111111111111111111111111111111111111111001111111111111111000001000000111111111111111111111000111111111111111101101111111100000111111111100000110000000001111111110101111111111111111111111111110101111111111111000001100000000001111111100111111111111111111111000001001111111111110001111110000001111111111100011111111111100001111111111111111111111110001111000111000011110011111111111111111111111111111111111111111111111111111111111111111100000001111110011100000000
00111111010000010100011101110001111111111010111111110011011111111111111111111111111111111110000111111111111100000101000000011111111111111111111111111000111111110111111111111100011111111111110001111000000011111111111111110011111111111111101111111101111111111100000010101111111111111111111111111111111111111111100001000111111111100001111110000111111111110000001010101111110001111010111111111101111111111111000010000111111111111111111111111111111111111111111111111111111111111000111111111000000001111110010111000000
00011111010000011110000101011111100011111011111111100000011111111111111111100111111111111110000111111111111100000111100000111111111111111111111111110000111111110001111111111111111111111111111101011110000011111111111101110111111111111111111111111000111101111100000011000011111111110111111111001111111111111111100001111111101111100001111110001111111111100000111110011111000000001111111111111101111111001111100010000111111111111111111111111111100000011111111111111111111111111001011111111110000001111110000111010100
00001111111100011110000101100011110011111111111111110001111111111111111111100111111000111110001111111111111110000111000000111111111111111111111111100000111111100011111111111111111111111111111111111110111111111111111001000001111111111101011111111111111001111100001111001111111111110111111111111111111111111111100011111111001111110000111110111111111111110000111110001100000000001111111000111000111111111111100000111111111111111111111111111111111000000111111111111111111111111000011111111110000011111110000111110100
00001111111110111111100111100011111011111111111111110001111111111111111111111111110000011111011111111101011110001111100001111001111101011100011111110001111111101011111111111111100011111111111111111111111111111111110000000001111111110111111111111111111111111110111111001111111111110000011111011111111111111111101010111111101111111111111111111111111111100000111111011100000000011111110000001110111111000011111111110001111111111111111111111110101110001111101111111111111111000000011111111010100011111111011111111110
00101011111111111110100011111001101010111111111111111111111101111111111111111111111100111111011111110100111110000011110001111111111100000000011111100001111110101111111111111111111011111111111111111100111111111111110000000000111111111111111011111111111111111111111100011111111111111110001111111111111101111111101111111111111111111100000111111111111111101000101111000001000000111111100000011111111101100011111011111000111111011111111111111111111111001111111111111111111100000000011111100000100001111111111111100000
01111000111111111110000111111000000011111111111110111111111100011111111111111101111111111111111111111111111100000111100011111111111110001101010011100001111110000111111101111111100011111111111111111101111111111111000000001011110000101111111111111111111111111111111100111111111111111100011111111111111110011111111111111111111111111111101111111111101111111000001011110011110000111111111000011111111111100011111011111111111111001111111111111110101110011111111111111111111100001100001111000001110001000011111111100000
01111000111111110000000111111000001111111111111110001111110000001111111111111101111111111111011111011111111100000011111111111111111111100111110000000101111110000111111000011111100111111111111111011101111111111110000010101111110000101110100111111111111111111110011100011111111111111111111111111111111101111111111111111111111111111111111111101111100011111110100001110011111111111110111100001111111111111111111111111110001111100011111111111111100000001111111111000011111000111111111111100001111101000111111111110000
01111000011111100000011111111100001111111111111111011111111100001111111111100001110101111111111101011111111000001111101111111111111111111111111111111111111010000011110001011110100011111111111111010111111001101010000011101111100000001110000111111111111111111110001110111111111111111111111111111111111111111111111111111111111111111111111110101111000111111100000011110011111111111111111110000001001111101111111101111110000111100111111111111000000000111111111111111110111100111111111111101111111111000111111011100000
01111100011111110001111111111100111111110011111110100001111101101111111111100011100000011100111101111111111000000111111111111111111111111011111111111111111010100111100001010010100011111111111111011111111111111011101111111111110000011110000111111111111111111111111111111111111111111111111111111111111111111111111111111111011111111111111110001111000111111100100001111001111111111111111111110111001111111111111101011110000111111111111111111111000000001011111111101000000000111111111111111111111111111111111011101000
01111101111111110101111111111010111111100001111111111111111101010111111111000111100000010101111000111111111000111111111111111010111111111111111111111111110000000111000111000010111011111111111111111111111011111111111111001111110000111111011111111111111111111111001111111111111111111111111111111010111111101111110011111101100111111111111110011111101111110000001111111011111111111111111111111100011111111111111101111111000011111111101111111000000000111101111111111010111000001110111111111111101111111111111000001010
01111111111111110111111111111111111111100000001011111111111111000111111111111111000111111101111100111111101011111111111111100000111111111001111111111111011010111111111111100000111111111111111111111111111111111111111111111111100000111111111111111111111100111111110111111111111101111111111111100000111111101110011111111111000111111110011100010101010111100000111111111111111111111111111111111111111111111111110000001011101011111110101111111010000011100001010011111010100000000000011111111111111111111111100000000000
11111111111111000001011111111111111010111000001111110111111111000111111111111111000111001111111100111111111011111111111111111000011111111101111111111110000010001111111111000000111111111100011111111111010011111111111111010111110011111111111110101111111100011111000011111101111111111111111111110000101111000000011111110011110001010000000101111111111101100010111111111111111111111111111111111000111111111111110011110011101011111110000111111100001111111101010001110011111000001111011111111111111111111110000000000011
11111111111111110000010100111111111111111110111111000111111111100111111111011111101111111111111111110011100011111111111010000000001111111000111111111100001111111111111111000000001110111000111111110111000111111111111111000111100000111000111110111111111100011111110111111001111111111111111110111100001010000000011111000111110001010100000000111101111101000010101111111111111111001111111111100001111111111111100000000000100011111110000011111110111111110000000001110001111110011111111111111111111111111100000000000100
11111011111111100000000000111111111111111111111111000111000111000111111111111111101111000111111111110011110011111111110001111000001111111000011111111110001111000000111100000000001100011111110111100000000111101010111110000011110011100000111110011111111100111110000111111101111111111111111101111000000000001000001111000001111000010110000000111111111111111110111111111111111111101011111111000000111111111111110011111011100111111111000111111110111111111000000011110001111110101111111111111111111111111100001010001111
01111000111111110000000000111111111111111111111111000111100011100111110111111111111111101111111111110011111111111011000000000000000111111000111111111100001111110001110000000000011100001011111111110010001111111110111111000111110011111000011100000111111111111100111111111101111111111111111001111110000000001110111110000011111000011110000000011111100111111100111111111011111111001010111110000001111111111111100000000110001111111111011111111111111111000000000011110001111111101011111111110111111111111110111111111110
01111010111111110111111001111111111111111111111111111111100001101111100011111111111111100011111011111011111111111111100111111111111101111010111111111111111111111001110000011100001100001111111111110011111111111110011110000111111011111111111110011111111111111110111111111111111111111111111111111010000000011110111111000011111100001111000010001111000011111111111111111111111111111010000111101111111111111111111111111111100111111111111111111111111111000101001111110000111111110011111111100111011111110001111111101111
00111111111111111111111111111111111111111111111111111111100011111111101111111111111111100011000011101011111111111010111111111111111111111111111111111000001111111111100000011110011100000111111111111111101111111111111111111111100001111111111110001111111111111111111111111001111111111111111111111011100000111111111100000111111110001110001111111111000111110001111111110111111111011100000011111111111000111111101110101111110111111110011111111111111000000111111111110001111111110011111111100011001111100011111111111110
01111111111111001111111111110111111111111111111111111111111011111111101000011111111111110001100001111011111111111011111111111111111100011111111111111111111011111111100001111110111100111111110111111111100010111111111111111111100001111111111110001111110011111111101111111111111111111111111111110000000010111111111111110111111110000110000011111111111111111001111111100001111101011100001011111111110001111000111111111111111111111111110011110100111110000111111111110111111111111111111000000110001111100010110000001111
01111111111110111111111111110111111111111111111011111111111111111111111100111111111111111001110011111011111111111011111111111111111110011111111000011111000000111101000001111111111111111111110001011111000000111111111111111111100001101111111100000011100000111111101111111111111111111111111111110011000011111111111111111111111111000100000111111111111111111000001111110100111100000100111111111111100001110001111111111111111111111100000001100001110000001111111111111111111111111111100000000000001111111110100000001110
11111111111000011111111111010111111110100111111010111111111111111111111000111101111111111011110111111111111101001111111111111111111111111111111100001111101011111100000001111111111111111111111111011111101000011111110111111110000111100011111100000001110001111111001111111111111111111110001111111000000010111111111111111111111111010111000011111101111111111000111111001000001000000111111111110011100111111001111111111111111111111110000001110000111110001111111111011111111111111111111000111000000111111111100100000111
01111111111101111111101111000011111111111111111000111111111101111101111101111101111111111111111111111111110100001111111111111111111110011111111000001111101010111000000001111111111111100111111111111111111110001111000101111110001111000111110000000011110001111111001011111111111111111111111111111010000011111111111111111111111111110111100111110000111111111111111011111000001000001111111111100010000001110001011111111111111111111100000000100000100000011111011101010101111111111111011000111000000111111111110101000100
01111001111111111111110000011111111111110111111100001111110101111101111111111001111111111111111111111111110000000111111111111111111111111101111110001111101111111100000111010111111110000001111111101111111110000101000000111000111111101111111111000011111011111110000010111111111110001111111111110000101111111111111111110001111111000111110111010001101111111111111000000000111000011111111111000011001111110000001111111111101111111110000011110000111000011111010100000111111111111111111111111110000011111111010111110100
01111001111111111111100000111111111111111111111110111111110111111000111111110001111011011111111111111111110000000111111111111111001110000111111011111111111111111111111111010101111110000011111111111111111110000000000000000000111111111111111111100011111111111111000010111111111110000010111111100000111111111111111111111111111111101111111101000100000000011111110001110000111101111111011110001111000101000000000011111111101111111011111011111000111000011110000000000011111100011110011111111111100111111111000111111111
01111111111111111111110000111111111111100001111111111111111111111001111111111111111110011111000111111111110000000011100011111111000111111101010111111111100111111111111111110000011110001111111111111111111100000000000000001111111111111111111111110011111111111110001111111111111110001010011111000001111100011111111111111001111111101111110101011111000000001111111101010111111111111111111110000111000111000000101111111110000111111111111111111111111100011111000000101111111000111110001111111111100001111111001111111111
11111111111111111111100000111111111111100011111111111111111111111111111111100111111111011111111111111111111100011111111010101111000111101111000011111010000001101011111111110000111110001111111111111100000000001101000000000011111111111111111111100011111111110100001111111111111111101111011111000000010000111111111111111111111111111111000111111111001000111111111111011110111111111110001010000111000011000000111111111111100111000111111111111111111110001111000010101111111100011111011111111111111111111110001111111111
01111111111111111111111110011111111111100000111111111111111111111111111111011111111111111111111111010111111000001110101110001111111111111111000011110001100111111111111111110000011111001111111111111111000000000111111110111111111111111111111111110111111111110100011111011111111111100111111111111111000001111111111111111111111111111110000010111111101111111111111111001111111111111111111111000111101111100001111111111111100111001111111111111111111110000111110011111111111111111110111111111111111111111111111111111111
11111111111111111111111100000111111111110000001111111111111111111111111111001111111111100011111100011111100000011110111110000111111111111111100011110000011111111111111111111000011111001011111111000000000010111111011111101111111111111111111111111111111111010100001111111111011111100011111111111100000011111111111111111111111111111111011110111111111111111100111110001111111111111100001111001111111111100001011111111111110101000001111111111111111111100111110111111111111111111111111111111111111111111111111111100111
00101111111111111111111110000111111111111000011111111111111111111111110111111111111111111000111100001111000000001111111110011111111111111110000001110001111111111111111111101000001111101010111111001111000011010101111111111011111111111110111111111101111101010111111110011111011111000011110001111111100011111111110100001111111111111111111100111111101111111100001111100011111111111100001111111111111111110001000001111111110101011111111110111111111110000111100111111111111111111111111111111111111111111111111111001111
00101011111111111111111100000011111111111110011111111111111111111111000111111111111111111001111000001111110000111110111111010111111111111010000000111001111111111111111111001110001110001110001111110010000111000100001110101111111111111110111111111100011100010111111011111111111100000011111100011111111111111111000001111111111111111111111111110011111111111110001111101011110111111000001111111111111111110111110000111111111111110011111110001111111111111111110011111110011111111111111101011111111111111111110111101111
00100011111111111111111110000111111010011111111111111111111011111111110111111110011111111100001110111111111100111111111111011111111111111110000010101011111111111111111110001111001111111110001111111111000000000100011111101011111111111110111111111100011000001111111100111111111100000111110000111111111111111110000000000001111111110111000001110001111111111111000111111011111111111000001111111111111111111111111111111111111111111111111100001111111100011111110011111111111111111111110100001111110000111111111000001110
00110000111111111111111111111111111010001111111111111111111001111111111111111110111111111100011110111111111011111110111111011111111111101000000011111111110111111111111100011110001111111111000111111111100000010000011111101111111111111011111111111100000100001111111000011111111100001111111000011111111111111110000000111100011111110111110011111001111111100011111111101111111111111000111111111111111111111111111111111111111111100111111110000111111110011111010101101000011111111111111101011111110000001111000000111110
01110001111111111111111111111111100000001111111111111111111001111111111111111000000000111100000111111111110111111111111100011111111111111100000111111111100011111111111100011111001111111111111111111111100000111100001111111111111111111010111111111100000100101011111110001111110110001111111101111111111111111110000001011000111111100000000011111101111110000111111111101111111111111001111111111111000111111111111111111111111110001111111000000111111100001111110101000010111101111111010111111111100000111111111000011110
00010111111111111111111111111111100011111111111111111111111000111111111111011101110001111110001111111111000111111111101000000111111100000000001111111111100111101111111001111110001111110111111111110101111000111001111111111111111111111010111111111000011100101011111111111111100111111111101001110001111110000001111101011111111111110000000011111111111100000111111111000111111111101111111111111110001111111111111111011111111110000111111000001111111100000111111101000000111000011100011111111111111111111111111000011110
00101111111111111111101111111111000111111111111111111111111111111111111101111000110000011110000111111111100011111111100000000000110101111111001111111111111110001111111100111110000011110111111111110001111010111101000111111111111111111111111111111000011111101011111111111111100011100000000011110001111100000011111111011111111111110000000111111111010111011111111111000111111111100111111111111110000111000000111111011111111100000111111100001111111100000011111101000001111100001111111111111111111111111111111110111110
00101111111111111111111111111111000111111111011111111111111111111111111111111101111111111111101111111010101111111101010000000000000001011100011111111111100010100011111111111110101111111111111111100000111111111101111111111111111111111111111111111001111111101111111111111111111111110000000001100001111110000001111111111111111111111111111111011111111111010111111111000111111111111111111111111100001111100000111110011111111110001111111100011111111000010011111001110000111100000111111111111111111111111111111111111100
00111111111111111111111111011111001111111110001111111111111111111111111111111100011100001111000111111111111111111000111111000000000011111111111111111111111010101011111111111110111010111111111111110000001111111101111111111111111101111111110011111101111111100111111111111111111101110000000000100001111111100000111111111111111111111111111110001111000111111111111111100111111111101111111111111110000011000000011110011111111000001111111100000011101001110001111000110001111100001111111111111111111111111111111111110000
01111111111111111111111111111110000011111110011111111111111111111111111111111111001110111101010111111111111111100011111111000000000011111111111111111111111110101111111111111011111111111111111111110000000011111101111111111111100001111111111111111111111111111111111111111111111111111000100000000000111111111000001111111111010111111111111111000011111100001100011111100111111010111111111111111110001010100000011110011111111111011111111110001111111010111111100000011101111101001111111011111111100011111111111111100000
01111111111111111111111110000111000011111111011111111111111111101111111111111110000010001100010111111111111111001111111111010001000011101111111111111111111110001111111111111001111110111111111111111100000111111111111111111111110101111111111111010111111111111111011111111111111111111011111000001000000011111000000111111110000111111111111111000000000000011110011111110111111000111111111101111111111110000000111100011111101011111111111110000111111110111111110000000111111111111111110001111111000001111111111111000000
01111111111111111111111111100111000011111111111111111111111111111111110100000100001010111100001111111111110111001111110101010111100111000011111111111100111111000110011110000001111111111010000001111100001111111111011111111111110111111111111110000101111111111110001111001111001111111011111110001110000000111111001011111111000011111111111111100000011100011110011111111111111100011111111111111111111111100001111000111111101111111111111110001111111111111111100000011111111111111111000001100011100111111111111100000100
00111111111111111111111010100111111111111111111111111111111111111111000000000001011100011110001011111111100111101111111101011111110100000111111111110000001111011111111100000000111111001011111111111111101111111111000011111111111111111110111100000101111110001111001110101111111111111111111110001110000000101011101011111111001111110011111111100000011111111100111111111111111111111111111100011111111111100001111000111111111111111100111111001111100101111111111111111111111111111110000000000111101111111111110000000000
01111111110011110111101011111111101111111111111001111111111111111110000000000100011110011100111110111111110111101010111111111111111110000011111111111100000111011111111111100001111110001111111111111111111111101111100011111111111110001111111100001111111110111111111111101111111111011111111110000111101010101011111011111111111111100011111111111000111111111111111111111111111110111101111111111111111111110011111101111111111111111111111111011111000001111111110101111111101011111110000000010101111111111111111000111110
00000111100001000011111111111111111111111111111101111111111111111110000100000111111111010100011110111111111111111010111111111111111110000010101111111100001111111111111111111000111110001111111111101111111111111011100011111111111110000111110000001111111111111111111111110111110101111111100000000111111110101000111000111111111111110011110111111110101111110001010011110101111111111101101010111111111111100001111111111111111111111111111111111111100000011111110001111111000111111100000000000101111111111111111011111110
00001110001011100011111111111111110101111111111101111111110011111110011111111110011111110000111000011111111111100010111111101111111111110010101011111111010101111111111111111010111110001111111111111010111111111111010111111111111010101111110000000011111111111111111111010111111001111111000000000111111111101000111111111111111100100001111101111111100011110101111111100101111111110000101010111111111111100011111111011111111111111111111111111111100000001111000000011110000011111110000100000001010000001010111111111111
00001111101010000011111111111111111111111111111101111111111001111110111111100111111111111000001000001111111111111111111111101111111111110000101011111111010101111111111111111010111110011111111111000000000111111001010111111111111010101111111100000010111111111111111111110101110001111111000010011110111111100000111101111111111100001011110000010111000111111111110011100001000011110000001011111111011111100011111110011101011111111111111111111111111000001111110010111110000111111010110101000001111110001000111111111111
00000111111110000010111101111111110101111111110011111111111011111110111111110000111111111000000000000011111111001111111111111111111011110000101010111111111100111101111111111011111110011111111111110000001111111000011111111111100010101011111111000011111111111111111111111111111111111111000111111111111111000001111101111111111100001011111000000111000011111111111111100011111111000100001000111111111111111111101010010101111111111111111111111111110000011111101011111100010001111111100001111000100010000000111111111110
00001111111111000010110001111111111111111100111010111111111111111110111111110001111111111100001000001011111111111111111111111111110001110000101011111111111100111111111111110011111100011111111111110010111111111101111111111111100010100000111111110001111111111111111111111100001111111110000111111111011111000001010101111111110000001111111000000000000111111111111011110011110000011111011111111111111111111111101010111100000111111111111111111111110001111111100011111110011111111111111111111011111111100000111111111110
00001111111111100011111001110011111111111110111111111111111111111111011111110001111111111100001110111001111111101111111111011111100001111000101000001111111100111111110111100111111110111111100111011111111111111111111111111111101111000001111111111111111111111111110001111111111111010111000111111101111100001101010101010111111111011111111100100000000011111111111011111111111100001111111111111111111111111111000011111111111111111111111110111111000111111111000111110101111111111111111111111111100111111011111111111000
00111111111111111111111000110001111111111111111111111110111111100000000111111011111111111110001111111101111111111111111110000011110001111011111111111111111100011111110111110011111110001111111101001111111111111111111111111111101111100100000111111111111111111111111011111111111111010111000111111101010100000000000001000110101000111111110001110000000011110111100001111111111000011101111111101111111111111111000111111110000111111111111100111111001111111111110111111110001111111110111111111111111111111110001010111110
01100011111111111011110001110000111111111111111111111000011111110011000111111111110111111110001111111101111111100111111111000001100001111111111011111111111100111111111111111111101111111111000110011111100111111111111111111111011111111111000111111111110001011100001011111111111111000111100111111111110000011100011000100000111111111111110001110000000111110110101001111111111100011101111110111111111111111111101111100011111111110111111110101111011111111111111111101111011111111000001111111111100111111111111000011100
11110011111111111011111011110000111111111111111111111111111111000001000111111111111111111110011111111111111110000011111111110111110001111111111111111111111110111111111111111111111111000110001111111111000111111111111111111111111111111110000111111111110011111100111111111011100111000001000111111111110000010000011111100001111011111111100001110000001111111110111100111111111001110001111110001111111111111111111111110011111111111111111111111111010110001111111111111110000111110000001011111000111111111111110000011110
01000111110111111110100011100000111111110011111111111111111111000111111111111111110111101011111111111111010100000011111111111111110011111111111111111111111111111111111111111111001011111111011111111111000011111111111110111110111111111110000111111111100001111111111111111111100111000011110000111111010101111100111111111111110011111111110011111000001111111111111111111111111111111011111000000111111101011100111111111011111111000111111111100111110000011111111111111111000111100000101011111001111111111111111100001110
01000111000111100000000111100000111111111001111111111111111110000011111111111111111110101111111100011111111100001111111111111111111011111111111111100111111011111111101010111111000010101111111111111111000011100111111100011110111111111110001111111111100111111111111011111111100111110101111000011111010111010100011111111111100001111111100001110000111111111111111111111111111111111111110000011011111100010000111111111111111111011111000111111111100001111111111111111111000111100011111111111000011110011111111110101000
00001111100011111111000111000000111111110001111100010111111111001111111111111111100000111111100000001110111111001111111111000111111111111111111111000000111011111111111111101000000110101111111111111111100000000111111110011110011111111110001111111111110111111111111011111111111111111111111000111110011111111111111111111111110011111111100001111111011111111111101111111111111111111111111101000110000001111100011111111111111101011111000011111111000001111111111111111111000011100011111111111100111110011111111111111100
00101111000001111001010111110001111111111101111100000101111111111111111111111111100000111111100000000110111111111111110100000111111011111111111111100001111111111111111110000000000111101111111111111111101011111111111110011100001111111111111110001111111111111010101111111111111111111111110001111111111111001111111111111111111011111111100000000111111111111111111111010101111111111111111111111000000000011000011111111111111001111110000001111110000011111111111111111111001111101111111111110000001100000111111111111100
11111111111001111111111111111111111111111111111111000001111111111111111111011111000001011110000011110100111111111111111100001111100011111111111111111000111111111111111111000101011111101011111111111111101111111111111111101110000011111111111010000111111111111000111111111111111111111111100000111001111111111011111111110111111111111111100000011111011111111000011111111111111111110111111111111110000000111000011111111111110000111111000011111111000011111111111111111111111111111111111110000000000111000111111111111110
11111111101000111100111111111111111111111111101111110101111111111111111000011110000111111100000111111101011111111111111101111111110000111111111111111011111111111111111111000111111111111010111111111111111111010101011110101000000000010111111100011111111111100001001111111111111111111111100001111001111110101011111111000111111111111111110000000011111111110000011111111111111111111111111111111110000010101000001111111111111000111101011111111111000001010111001111010111111111111111101110000000000000000111111100111110
11111111111111111101111101111111111111111111000011111110011111111111111100111110000111111110000111111101011111111111111111111110000000011111111101111111111111111111110101011111111110111100011111111111111111000001011111100000000001110001111001111111111111110011000011111111111111100110000001111001111111111111111100000111111111111111110001000000111111110000011111111111111111110101011111111111000111111010111101111111110100011101111111111111110000011110111111000111111111111111100000000000111111000011111100011110
11111111111111111000111001111111111111111111100001111111111101111111111000011100000111111100001111111100000101011111111101111111111100000111111000111111111111111111100100001111111100111111111111111111111100000000011111100000111110100000111111111111111111100111100111111111111010000001100011111101111111111111011111111111110001011111100111000001111111010000011110011111110111110001010111111100001111111010100000111111110100011101111111111101010000010000001111000001111111011111100000000111111110000011111000001110
01111111111111111001111101111111111111111111101011111110000001111111011100011111000011010100001111111100001111001111111100111110000000000011111001111110111111111110101010001111101000001111111111111111111100000000011111110000111011111000111011111111111111111111000101010100011010100111111111111111111111111111011111111111100001111111100111000000111100010100111100011111110111100001010111100000011111111111011000111111000000111111111111010000111000011100011110001100111111111111100000111111111111000011111000001100
01111111111111111111111111111111111111011111111111111110000000111111111100011111000011110000001111110000000110000011111101011111111111000111110001111111101111111111101110000011101110100111111111111111110000001111111111110001111011111010111111111111111111001111110111111100000010000111111111111111111111111111011111111111000000111110000111100001111100011111111110111111011111110000110110100001111111111111000000111111100000111100110001111000111110011111000111111000111111111111111000111111111111111111100000001100
00111111111111111111111111111011111111011111001111111010000000111110001000000111100001110000001011010000010100000111111101010110011111010111110111111111111111111100001111101110101111000111111111111111110100001111111111111010111001111000111111111111111011001111111111011100000101110111111111111111111111111111111111111111000001111111001111100001111110011111111010111111101111100011111011100000111111111111011000011111100001111111111101001000011101111111000111111111111101111111111111111111111111111111000000111100
01111111111110111111111111111111111111111111001111100000010000011111000000000011100111110000000000011101111111011111111111000001111111010111010111111111101111111100001111111010101111100011111111111111100000001111111111111010100001111111111111111111000000001111111111111100000101010111111111111111111111100011000111111110000001111111101111100011111100111111111101111010000111111111111111110001111111111111110000000111111101011111111111111111111100010111100011111111111111111111111101111111111111111111110000011100
01111111100011111111111111111101111111111111001111110000111100011111000000000001000111111100000000111111111111111111111110000000111110000001000011101111111111110100000111111110101111000011111111111110001110000111111111111010100000111111111111111101110000001011111111111000001111000111111111111111111111101010000000111111000001111011111111100011111100001111111101111010000011111111111111110101111111111111110000001111111101011111111111011111111100000111000111111111110101111111111111111111110111111110000000011100
01111111000111111111111111111111001111111111011111000001111101111111010001110000011111111101110001111111111111111111111110000001111111001111111111000010000001111111011110111111111111000011111111110000101000001111111111111110100000011111111101111100000000001010101011111000100111110111111111111111111111100000000000011111100011111111111111100011111100011111111111111010110111111111111111111111111110011111110000010011111101010111111111111111111100000111111111111111111111111110011111111100000011111100001000000000
01111111111111111100011111111101010111111111111100000011111101111111010101111000001111111111111011111111111111111111111110101011111110000000111110000111000111111111111110111111111111101011111111110000101010001111111111111110000000001111111101111000110000001110000011111001111111110111111111111011111111111100000000011111111010100011111111110000111000010111111111111011111111111111111111111111111110011111100000011101110000000101111111000111111111000111111110001111111111111110001111111111000000111100001000001100
01111111111111111100011111111111011111111101111100000111111101111101010111111111111111111111111111111111111111111000111111101111111111111001111111100010001111111111111110011111111100111111111111100000111010111111111111111110111000001111111111111100000000001100000011111111111111111101000111001111111111000000000000111111111110111111111111110000111101110111111111100011111111111111111111111111111000011111100000010001111000001111111111100111111111001111111111111111111111111110000011111110000000111000001000000110
01111111111111111100011111111111111101111101111100001111111000111101010111111111111111111100001111111111111111001111111111111111111111110000111111100111111111111111111111111101110001111111111111111010101011111111111111111111111100001111110001111111110000111100001011111111111111111111000111000111111111111111000001111111111110101111111111111000111100110001111111100001111111111111111111111111000000011111100000111111110000001101111111000111111111100001011100111111111111000111000111111111100000001010000100001110
00010111111111111110011111111111111111111111111111111111111101111101011111111111111111111000111111111100000000000000111111111111111111111000011111100011111111111111111111111111110000111111111111111010111111111101111111110111111100111111100011111111000011111100011111111111111111111111000011001111111111111111100111111111111000001110001111111101111111110001111111100001111111111111111111111100000000111111101010000111111100011100111111001111111111100111110111111111111111111111100111111111110001111110000100001111
01110101111111111100011111111111111111111111111111111111111101111111111111111111111111111000011111111111111000000111111111111111111111111000111111101011111111111111101111111111110001111111111111111000001111110101111111111111111111011111110111111111111111111110001110111111111111101111000111111111111111111111100111111111111000001000011111111111111111110101111111111001111111011111111000000000000000011111111011111111111111111100011100001111110110111111110000111111111101110011111111111111111101111100000100011110
00111101000111110000001111111111111110111111111111111101011111111111111111100111111111111000011111111111111100000111111111111111001111111000010001111011111111111111100111111111111000011111111111110000111111111000111111111111111110111111111111111111100011111110111110011111111110101111100001111111111111111111111111111111100000001000011111111111111111111111111101110011111111011111111100000001010000011111100010001111111111111000111000011111110000111111100001111111111111111011111111101111110111111110001111111110
01111100000011110000011111111111111000111111111111111101011111111111111111100011111111111000111111111111111111011111111111111100000111111001111111111111111111001011100111111111111111111111111111110011111111111000111111111111111110000111111111111111101111111010101000001100011110101111100111111111111111111111111111111111100010101000011111101111111111111111111101111111111111111111111101010101000000001111110000001111111111111000111000001111111000111111110000111111111111111111111111111111100111110000001111111110
00111100000011110000001111111010000000111111111111111000011111111011111111110011111100111100111111111111111111111101111101111000000011111000111111111111111100000011111111100011111111111111111111110001111111101000111111111111111111111111111111111111100000001111111010000000011010111111110101111111111111111111111111111110000110101000011111111111111111111111111111111111111111111111111111111111110000001111110000000111111111111100111100001111111111111111110000111101111111111111111111111111100101010111111111111110
01111011100000100000011111110000111101111111111111100110011111000000001111110111111000011111111111111111111111111100111111111101000001110001111111111111111000000111111111000011101111111111111111111111111111100000111111110111111111111111111011111111111000111111111110101110000010111111110101111111111111111111111111111010000000111111000000011111111111111111111111111111111111111111000011111111000000011111111000011111111111111111111100001111111111111111111000010101111110111111111111111111111101010101011111111111
00010000111011100000011111100000001111111111111111001100011100000011111111111111111100011111011111111111111111111000111111110011110111000001111111111111110000111111111111001010100111111100000011110001111110000000111111000111111111111101100000111111110101011111111111111110000010111111110000111111111011111111111111111110000000011111000000111111111111111111101011111111111111111100001111111111111000011111111100001111111111111111111110000011111111110011111000010101111110101010111111111111111111010101111111111110
01000011111111110000101111110010100111111111111110101110001111000110001111111111111000000111111111111111111111100000111111111111111111000011111111111111111011111111111111111110000011110000000000010111111111110001111000000111111111111101111010111111111111111111111111111111100011111111110000011111110011111111111111111111100000111111100000111111111101010101111011111111111111111110000001111111100000111111111100011111111111111111111111000011111111111001111001010001111100111111111110111111111111110111111111111111
01000011111111110000101111111010000111111111111111101101111111000011001111111111111100000111101111111111111111100000101111000111101111100011111111111111111111111111111111111111000001000000010000011111111111010100111100001111111111111111111110011111111111111111100011111111111111111111111000011111111011111111111101111111100000101000100000111110000001010111110001110011111111101110101000000111111111111111000100011100000011111111111111000001111111000101100001110001111101011111111111111111111111111111111011111110
11111111111111110000111111111110000111111111111111110011001111000111001111111111111111000011111000111101011111110000011111001111001111100001111111111111111111110001111111111010000000000001111101111111111101110101111100111111111111111111111100111111111111111000000111111111101111111111101011111111111111111111111100111111110111100001111001111000000001110101100011111110111111111011111000000111110111111111110000000101110000111111111101010111111111011111000011100011111101111111111110001011111111111111111111111111
11101111111111111111111111111000001111101111111111100011111111000111111111111111111111000011100001111000000111111000001110000111000111111111111111111111111111110011111111100000100000000111111110111111111100010101011111111111111111111111111100011111110111101000000010001111111111111110001111111111111111110111111100001111110111000111111000000000000111110000011111111000111111000111111000000011111111111111111100000101000001111111111111111111111111111111000111100011110001011111111111001010111111111111111111111110
01111111111111010111111111111111001111111111111111110011111111111111111111111111111111000011110000111000001111111110111110011111100010000011111111111111111111110001111111111001111100000111111111111100111100010101111111111111111111111100111101111111000000000000001111111111111111111110001111111111111111000011111100011111111111000111111000000000000111100000001111111000001111111111111000000001111111111111111100000001110000111111111001111111111111111110011111101111111000111111111110001111111111111010001111111110
00111111111011011111111111111111111011111111111111100011111111011111111111111111111110000001100000111100111111111100011110111111000000011111111111111111111111111011111111111010111110001111111111001000111110010111111111111111111111111100011111111110000000000001011111111111111111111110011111111111111111100001111111000000111110001111111001011111010111100000001111100000011111111111111110000000111111111111111110000111110111111111111111111111101011111111111111101111111111111111111100000111101111000010001011111110
01111111101111111111110001111111111110111111111111110111111111111111111111101111111110000001110000111011111111111100111111111111110000000011111011111111111110101011111111111111111110000111111111000000011111111111111111011110011111111101111111111110010001110001111111111111111111111110111111111111111000000001111110011100011111111111111011111111011111111100001111100000000111111111111100000000111000111111111110000011110101111111111111100111111011111000011111111111111111111111111110011111111110000001101011101100
00111111111111111111100000111111110000111100111111110111111111111111111111000111111110101011100000111111111111111100001111111111000100011111111111111111111100001010011111111111111110000111111111000000011111111111111111111100111111111110111111111111111101110001111100111111111101111111111111111111111100110000111110000000001111111111111111111111111101111111001000000000000101111111111111111000010000111111111111111111111111111111111111100001111001111111111111111011111111111111111110011111111100000111111111111100
01111110101111111111000001111111110000011100111111111111111111111111111111100111111111101001000001111111111111111100011111111111011111111111111011111111111100001111111111111111111110000111111111100100011111111111111111011100011111111111111111111111111011111111111000011111111001111111111111111111111100000001111111111000001111111111111111111111111101111111111100000000000111111111111111111111111000111111111111000111111001111111111111100011111001111111111111111111111111111111111111111111111110000111111111100000
01111011111111011111010101111111000000111111111111110010000111011111111111100011111111101101000011111111111111111110111111111000001111111111111111111111101000000111110101011111111110000111111111111100011111111111111111111100011111111110011111110011111001111111111111111111110001111111110111111111111110000000011111100000000011111001111111111111111000011110111110000011000111111111111111111111111001111111111111111011110011111111111111100011111101011111111111110001111111011111111111000111111000011111111111110000
00100000111111111101010101111111110000111101111111111100001111010111111111110011111111110000000000101010111111111110111111110000011111111111111111111111011100001111110000010111111110001111111111111111011111111111111111110000000111111111111111100000111011111111111111001111110000111111100011110111111110000001011111110000000000111110000111111111111000011100111110000011101111111111111111111101111100011010111111100001110000111111111111001011111111010111111111111101111100011111111111100001111000001111111000000000
00111011111111111000010101111111110001111111111111110010001111110001111111111111111111111000000111111111111111111111111111111000111111111111111111111110001110001111110000011101111110000111111111111111111000101111111111111100000111111111011111110000111111111111111111111111111011111011000111110011111111000001010111111101000000000000001111110011111000111100001111101111101111111111111111111100111100000001111111110001110001111111111111001111111111110111111111111101111110001111111110000111110001111111110000000000
00111011111111111110110001111111111101111001111111111111111111100001111111110101011111110000001111111111111011111111111111111010011111111111111111111110001111111111111000111101011111000111111111111111110000111111111111000000000111111111110111110000011111111111111111111111111111111100000011100011111111101011110101111111110100011000000111100001111101111110001011111111100011111111111111111100111110000000111111111111111011111111111110000111111111110111111111111111111110001010111010111111111101110111110000000110
00111100111011111110000000000111110111111111111111110011111111111001111111111101011111111011111111111111111111111111111111111000110100001111111111101110001111111111111000111101011111101111111110111111111000111111111110000000000111111111001111110000011111111111111111111111110111111000000010000001111111101111111101111111000111010000001111000011111000111111101011111111100111111111111111111110011111100000111111111111111111111111111100001111111111111111111111111111111110000010101000111111110111111111010100001111
01110000000001111110000001100111111010110101011111111111111111110011111111111110001111111111111111111111011111111111110011111000011100000011000111111111011111111100011001111111111111111111111110011111101010110111000010000100001111111111000111100000111111110001110001111111110111111110000000000001111000001111111111111111111111010100000011100011111111111111111000111111111011111111111111111110011111100000011111111111111111111111111000000111111111111111111111111111111111000010000000111111110111110001010101011110
11110000000011111110000010000011111111111111010111111110101000010000111111111110000110101111111111111101111111111111111111110000111000001111000111111100011111111100111001111110101111111111111111111111111111110111100010101000101111111111001111110111111111110011111000111111110111111111000000000001111000001111110111111111111111111110001111111111111000111111111000111101111111111111111111111110001111111000111011111111111111110111111000000111111111111111111111111111111111000100001010000111100011111000000001111110
11111010001011111100000011110111111111111100000011111111011110100000001111111111000011111111111111011100011111111111111011111000111100001011001111111100011110011100111000011111101111111111111111111111001111100011000010111101111111111110001111111111111111110111111010000001111111101111000001000001111100001111000111111111111111001100011111111111101011111001111100000001111111111111111111111110101111111100111111111111111111100001110100001111111011111111111101011111111111110111101110000011110111111000000011111111
11111111101011111111000111111111111111111000000011111110000110101010000111111111000000011111111111111000111011111111111111110001111100001111101110000000011000011110111100011111001111111111111111111101111111111111111010100000111101111110011111111111111111111111111110100000011111000010101111110111110000000111000111111111111111111111111111111111000111110000011111100000111111111111111110101011111111110000011111111111111111000001011111111111110101111111111100111111111111111111111111101111110111111100000000111110
11111111101010111111000111111111111111111000101011111111011111100011000111111111110111111111111111111110001011111111101111110000111110111111111100001000000000111111111101011110001111110001111101011110101111111111110010111000011111111100011111111111101111111011111110000001111111111010101111110011111100000100000111111111111000000001111111111111000011110000001111100000011111111110011111111111111111111100111111111111111111100000011111111111000101111111111000001011111111111111111111111111111101111000000001111111
11111111111011111111000111111111111111101011111111111111111111000111111111111111110001111111111111111110000011111111101111110000111111111111111111111000000001111111111111111110001111100000100001111000101111111111111010001011111111111110011111111110000111110001111110001111111111110011111111110011111111000000000111111011111101111111111111111111001111100000000111111000011111111111111111111111111111111000011100011111111111110000101111111110001111111110101000000011110111111111111111111101111101111100000000111100
01111111110001111110000111111111111111100011111111111111111111000111101111111111111111111111111111111111000111111111101111111111111111111111111000111100000111111111111111111111111110000001111111111010001110001111110000001111101111111110111111111110100011110001111100011111111111111001111111100001111111000000000111110011111111010011111110010111111111100000000011110000111111111111111111111111111111111110011110111111111111111100101111111110111111111110111110000001010101111111111111110000011101111000000001111110
01111000010111111111000111110111110111110111111111111111111111101111111111111111111111111111111111111110000111110101111111111000111111111111001111110000011111111111111111111111111100000001111111110000000000011111110000011111111111111111111111111110101111100000111101011111111110100001111111100001111111110111001111110001111111111111111111110101111111100010000001111110111111111111111111111111111100011110101010101111111111111101111010111111111111111111111100010000010001111111111111111100011111111101000000111110
01100001010111111111001111111111111111111111111111111100011111111111111111111111111111111111111111111111111111111111111111111111111011111100000001110001111111111111111111111111111110000001111111110000000100001111110101010111110111111111111111111111111111111001111101111111111110111001111111100000111111111111010111100011111111111111111111111111111111101000000011110111111111111111111111111111111000111111111000000001111111111111111000001111111111111111111111110000011000111111111100111111111111110001110001111110
00100000010111111111000111111111100011111111111111111100011111111111111111111111111111111111111111111111111111111101111111111111000001111110000111000001111111111111111111111111111110000000111111000000011110001111110101111111111101001111111111111111111111111111111101111000111111111111111111111000111011111111111111110001111111111111011111111111111111000110000001111100010111111111111100011111111000111111111010000111111111111111111000111111111111111111111101111000111001111111111111111111111111110011111010111100
00000001011111001110001111111111111111111111111111011110111111111111101111011111110111111111110111111111111111111111111111101111100000111000000111000010111111111111111111111111111111000000111111000111011110001111111111001111100011000111111111111111111111111111110101111111111001111111100011111001111000111111111100001001111011111100011111111111111111111100101011110000000001111111111110001111111001111111111110000111111111111111111000111111111111111111111111111000011111111111111100111111111111100011111111111100
00100000011100001111101111111111111111111111111111111111111111111111111111011111100111111111000001111111111111100001111111101111101011111010001111011010111111111111111111010111111110000000111110000011111111111111111100001111111111111111101111111111111111111111110001111111101111111100001111111111111000111111111110111000111111110000001111111110011111111111111111110000000111111111111110000111111001111111111110001111111111111111111010111111111111111111111111111000000011111111111111111111111111100011111111110100
00011101111111101010111111111111111111111111111101111111111111111111110100001111110011111111000000010111111110000000011111111111111111101000011111111110111111110111111101010111111111100001111111100111101111111111111110000111101111111111000111111111111110001111110011111111100001110000001111111111111100011111111100001110001111110000111111111000001111111101011111100000000111111111101111100000111111111111111110000111111111111111111111111111111111111111111111010100000000111111111100011101011111101111111111111100
01110101011111101011111111111111111111111111100001111111111111111111111100001111100011111111000000011111111111100000111111111111111111111000001101011110001111110111111111111111111111111000111111101111101111111111111100001111111111111111001111111101101000000111000011111111100010111100111111111111111100011111011110001010111111100011111111111000001010111111011111111000011111111111111111100001111111100111111000000101111111111111111111100111111111111111111111011101010000001111111110111101111111111001111111111100
11000111111111101010111110111111111111111100000000111111111111101111111000000111100111110001000001111111111111110001111111111111111111010100000000011110001111100011100011111111111111110001111111111111100111111111111100011111111111111110101111111100011110001111000111111111111001111111111111111111111110111100001100000011111111100011111111111000001110111111111111111110001111111111111111111101111111000011111000000001111111111111111111110111111111111111111110101111110000001011111110010000011111111111111111111110
11110011000111111110101110111111111111101100000000001111111111111111111100000111000011100011111111111111111111110111111111111111000001011110000000001100000111110001111011111111111111100000111111111111110111111111111101011111111111111111111111111111111100001111000001111111111100011111111111111111111110111110001000000011111111000011111111110000111111111111111111111110111101111111111111111101111111000011111100100001111111111111111111100011111111111111111011101011000000000001111111011000011001111101111111111100
11100011000011111111111100011111110111111000000000000001111100011111111100000000000111110000001111111111111111010111111111001110000111111110001000011110001110100011111111111110101111000000111111111010111111111111111101111110111111111110111111100001111111111111100001111111111111111110100001111111111111111110001110000111111111100111111111111000111111111111111111111110100001111111111111111101111111000011111110100011111111111101111111100011101100011111101011100101000000000001011111110000100001111111111111011110
11110000100011111111111111111111010111111110000000000000011111111111111111111100000111110011111111111000111111000111111100010000000111000011111110011100001000100011111111111110100011100000001111111111111111111111111111111110111111111111111110000011111100111111000001111111111111111111111000011111111110011111111110000111111111100111111111111011111111111101011111111110110101100111111111111000111110000011111110100001111111111111111110000011100000011111101111100000000000000001011110100000111000111110111101111110
01110000100011111111111111111111000111111111000011100000011111101010111111111110000111111110011111111000111111011111111111111110000111110000111111111100111110101111111111111111000010100000011111110101111111111111111111111111111111111100011111000000111111111111000000111101111111111100111111111111111111011111111111011111111111111111111111111111111111111100011111111010000111100011110101111101111111100111111110000011111111000101110001100111100000111111101111000000001000000000010011100001111001111111110000011111
01111110100111111111111111111111000001111111100111111010111111100000111111111110000111111001111111110000010111111111111111111100000101010111111011111100011110101001111111111111000011111001011101010111111111111111111111111111000111111111111111110000000000000000001000111101111111110101111110001111111111011111111111111111111111111111111111111111111111111100001110101111101111100011110101111101111111111110011000010001111110001111111111101111111111111111111011111000111000000000111111101011111101111111110000011111
01111111101111111111111111110111000000001110101111111110001010000000001111111110001111111101111111110000000011111000011111111110000111111111111011111000011010101000111111111111111010101011111111011101111110101111111111111111110111111111111111110000011111100000001110111100011111110111111111101111111111011110111111111111111111110000111111111111111101111100011110111110101011000111111111111111111111111111111111110001111111101011111111111111111111111111111000011111111100000000000011111011111111100011100000000111
01111111111110001110111111010111110000000000111111111111110000000011111111111110111111111101111111111000000011101010011111111111100011111111111001111100001110101000111111011111111011111001111111111101111111101111111111111011110001111111111111111001000011100000101111111110011111110111111111001111111111111000001111111111111111110000111111111111110101111110111110001111111001110111111111111111111111111110000011111100010111111111111111111111111111111111110000111111111100000000101011111111111111000111111010100011
01111111111111111110111111111111111000000000111110111111000000001110000011111111111111111111111111111000001011111110000111111111111111111111111111100000000111111000011111111111111111111001111111111001111110001111111111111111110001011111111010110001111111100000101111111100001111000111111111101111101001111100001111111111111111111011111111111111100011111111111111111111111000110111110111100100111111111111111111111111000001111111111111111111111111111111110001111111111111100000001011111111111111100011111111100111
01111011111111100000011111111111111100001010111110111111110000111111100011111111111111111111111111111111111110001111100011111111111111111111111111111110111111111100001111111111111111111101111111111000111110001111111111101011110000011111111000100011111000100000000111111110001111111111110011101010101111111101011111111111011111111111111111111111000111111111111110001111111100111111110011110100011111111110011111111111000001111111111111111111111010111001100011111111111111010000000011111111111111111111111111111000
01110001111111110000001111111111111111111011111110111111101000111100000011111111111010111111111011111111111111111111100011110011111111011110001111000111111111111000001111111111111111110111111111111000111110000111111110101111110000011111111110000101111110000000001111111111000111111111111000101010101011110101111111111000011111111111111011111111111111100111111111111100111100011111100011111110011111111111111111111111100000111000011111111111110000110001000011111111111111110000000011111111111111111111111111100000
01110011111111100000111111111111111111111011111111101111111011111111110001111111110011111111110011111111111111111111110000111111111111111111000011111111111111111000000011111111111111110011111111111000011111000111110000101111100000111111111000011111111100000010000111111111001111111111111000001111111111110011111111010000011111111111111111111111011111111101111110000101111100011111110001111111011111111110111111010101110000011100000001111111100000001101100010101111111111111100000011111111110111111111111110100000
01110001110001000000111110011111111111111010110100111111111111111100000011111111000011111111010111111111111111111111110000000001011111111111011111000111111100111110111111111111111111110011111111111000111110000111110000000111110011111111111111111111111111000000011111111111111111111111110000111111100000000001111110000000111111111111111001111111111111110001111101111111011100011111110111111111011111111111111111010011110000000000000000111111100000011111000000100011111111111100000011111111111111111111111110100000
01110001000011110001111110001111111101111010000001111011111110111111111100111111100011111110000111111111111111111111110100001111111111111111000111110111110111111111000001111111110111110001111111111000111111111111110011111111100111111111111101111111111111000100011011111111111111000101010101111111111000000100111100001010111111111101111111111111111111111001111001111111010000011100110111111111011111111110011101000001111100001100000000011111110000001111111010000001111000010101010111111111110011111111111111100000
00000000000001110001111000011111111101111110000001111111111110111111000001111100000000111110011111111110111111111111110111001011111111111111111111110001100000101111011111111111110111111111111111101011111111111111111111100111111111000111111111111111111111111101111111110111111110000000000111111111110000011110100000000011111011111000011101111111111111111011111001111111000000111111111111111101111100001110000001110011111110001000000000011111111000011111000010000111110000000001111111111111111111111111111111111110
01110000001111111111111110011111111100111111000001111111111110111111111111111110101000111111001111111111111111111101011110101111111111111110000111110000111111101000000111111111100011111111111111100011111111111111111111011111101111111111111111111111111111111100011111111111111111000000011111111111111111111110000011011111111011111000011111111111011111111111111111111111000000011000010111100001010100011101000000110111111111111110000000001111111101011111111111100111000000000011111111111111111001111111111111100000
00000000001111111111111110111111111111111111000001111111111110001111000111111000001000111110001111111111111111111100010101101111111111111111111111111011111110101000011111111101111111111111111111110111111111111111111111000010101111001111111111111111100001111100011111110001111111000001111111111111111111111110101111111111100001111101111111111100000111111111111111111111000001111101011111100000111101000001000001111111111111111111100111000111111111110111001111111111111111101011111111111111111111111111111111100100
00100000111111111111111111111111111001111111110000111111111110011111010111111100001010111111001111111111111111111000000100011111111111111110000011111011111011101011111111111101111111011111111111111111111111111111111111000011101111111111111110111111100000011000011111111000000111110111111111111001111111111110111111111111100011111101111111111110000011111111111111111111110011111000011111000000010101110100001000111111111111111111111111000010111111110111111111111111111111111111111111111111111111111111111111100000
00000000011111111111111111111111100001111111110001111111110100001111010111111100001010111110011111111110011111111100000000111111101111111111000001111010101000111111111111111111111111111111111111111111111111111111001111000001111111011111111111111111101001111000011111101000000011111111111111111000111111111001111111111111100011111111111111111110000111111111111111111111110111111100111111110001111111110000111010111111111111111111111111101000001111101110101111111111111111111001011111111111111111111111111111000110
00000101111111111111111111111111100000111111111111110111110000011111110101111111111110111111111111111100111111111000000000011111110111111000000011111010100001111111111111111111111001111111111111111111111111111111111111100011111111111111111111111001111111111101111111111010000011111111111111111101011101010001111111111111101011101111111111111110000111111111111110011111111111111111111111110101111111110101111000011111111111011111111111111110111111111111101111111111111100111111111111111111001111111111111011111111
00000111111111101111111111111111000000111111111111100011100000011111110101011111111110111111011111111101111111110001011101010000011111100000000011111011110000111111111111111111110011110111111101111110111111111111111111000011111110001111111111110111111111111111111111111010101111111110111111111101011111100011111111001111000010101111111111111111111111111111111000111101111111011011111111110001111111111111111000011111111110011100011111111111111111111111101111110011111100001000000111111111111111111111100000011110
00011111111111111111111111011110000000001111111111100001000001011111111101010111111000011111111101111101111111110001100111010000011111000000000011111111100001111111111111111111110001010001111000111100011111000011111111101111111110011111111111000011111111111111111111111111111111111111111111111111111110000011111011111111000000000111111111111111111111111111111111110001111110000011111111100001111111111111110000011111111110101110111111111111111111111111101111110111111100011111111111111100011101111111110000111111
00111110011111101111111111011111000000000100111111110101000111011111110101010000011100001111111101111111111111100111111110010100011110000000000001111111110000111110111111111111100111100001111001111100111111111111111111101111111100011111111110000011111111111111111111111001111111111111111111101111111111111111110000011111111100000111111110111111111111111111111111111111111110001011111111000000111111111111111000011111111111101110111111111111111111101111111111111111111111011110000111111100011111011111100000011110
11111111111111111111111111111100010001010100011111111111000111111111111111110001111000001111111000111111111100101111111111111111111000000000011111111111000000111110000111111111111111111000110000111111111110000111111111111111111100111111110000001111111111111111111111111111111111101111111111000111111100001111111000111111011000000111111000011111111000111111111111111111111110011111111111111000011111111111100000011111111111100111111111111111111111111111111111111111111111011111111111110111111101010111111100001111
11111110111111110111111111111111111111110000111111111111000111111001111111100011111110001111101001110111111111111111111111111111111000000001111111111111000000111110000111111000001111111111110001111001111111111111001111111111111101111001010000111111111111111111111111111001111111101111111111000001111100111111111100011100011100000111110000011111111000111111111111111111111111111111111111111000011111111110100001111111111111111111111111111100011111101111111111111111111110111111111011111111111111010111101111101111
11111111111111111111111111111111111111111100011101111111000001111111111111111111111110011111111011000111111111111111111111111111111000000001111111111111100000001110001111111111111111111111000000011001111111111111000011111010111111111000000100011110101111111111111111111111110111111111111110000011111100001111111100000000000101111111110000011111110001111111111111111111111110011111111111111000001111111111110001111111110001111111111111111000111111111111111111111111111010111111111011101111111111110100111111111110
11111111111111111111111111111111111111111101111001111111000000000011111111111111111110111111111111110111111111111110111111111111110000000001111111111111111000111000000111111101001111110111100001110000011111111111000011111110111111111000001111111110001111111111111111111101111111111111111010001111111111111111111110000000111111111111100001111111111101111100111111111100011000111100111111100000001111111111110001111111111001111110101001111110010111000111111001111111111000111111110001111111111111111111101111111111
11111111111111111111111111111111111111111111111101111111000010100111111111111111111010111111111111111111111111111100011111111100111101110000111111111111111010111000001111111111111111110111100011111000011111111111100011111011111111111000011111011101000011111111111110111111110011111111111000001111101111111111111111100000111111111110100000010111110001111100011111111100111100000000011111000000011111111111111000111111110011111110100001111111110111110111111111111111111001111111110001111111110000111111111111110100
11111111111111111111111111111111111111101101111111111111001110001111111111111111100000010101111110001111111111111100011111111111111000000000111111110000111111111000001111111111111111100111110111111000001111111111110111111111111111111010011111010101100011111111101000011110001011111111110101011111101111111111111111100001111100011110000000001111111111111110001110111000111100011000011111000001110101111111111000111111100011111110000001111111111100000011111000010111111101010111110011111111000011111111111001010000
11110011111111111111111111011111011111011111111111111111111111011111111110000111110000010101111110000111101111111110011111111111111111010000111111111110101111101010111111111110011111110101010111111100000011111111111111100011111111111110011111010101111001111111100110011110001000111101111111011111111111111111111111111111111000011110100000101010111001111110111110001110111111000000000111100011111001111111111111111111000001111111100001111111110011100011101111010111111100010011111111111111111111111111111111110000
11110011111111111110111111001111111110000011111111111111111110011111111111111111100000001111111100001111101011111010111111111111111110000000111111111110111111101111111111110000001111010101010111111100000000111111111101100111111111111000001111010101111001111111100001011110000000000001111111111111111111111101111111111111111000000111110101111111111111101111111110011110111111110000000010100111110000111111111111111111000011111111100011111111111001111111111110001111111111100011111111111111111111111001111111010110
11110001111111111110100000101110011111111111111111110101111111111111111111001111100000001011111111111111101111111010111111111111111111000000111111111111101110000011111111111110000101010101111111111100000000111111111101100011111111111110011111111100111101111111000111111111111000000001111111110111111111111111111001111111111000000111110101111111111111000111111110001000111111000000000000101111111101111111111111111111101111011111111101011111111111111111111111001111011110000011111111111101111111110001111111110111
11111011111111101010101111111111111110111111111111100000011111111111011111111111100000111111111110111111111111111111111111111111111111110101111111111111101111000111111111111100000001010111111111111000001111111111111000111111111111110000011111001100011100111101110111111111111000000001111111111111111111111011111111011111111000000011110111111111111111010111111111101000011111100000000000101111111111111111111111111111111111111111110000011111111111111111111111000000011110000111111111111000111111111000111110001110
01111000011111100010111111111111111111111111111111100000111111111110000101011111110000111111111111111111111111111111110111111111101111111111111111111111101011010111111111111111000000011111111111111000000011111111111001111011111111111111111111000000011110111001111111111111111110000111111111100111110100001011111110000111111000001111110111110111111100011000111111100000111111100000001010001110111111111111111111111111111111111111111100001111111111111101010000000010000000010101111111110001111111111000111111101111
01111000000111100010111111111111111111111101111000111000011011111110000001010111100000111111111111111111111111111111100011100010000111111111111011111111100011011111111111111111100011001111111111100000000011111111100001111111111111000000111111000000011110000000111111111111111111111111111011110111100000000001111111000011110000011111111111111111111100001000000000111011111111100000001110000011111111111101111111111111111111101111100001011111111111110000000000000011111100011111111111110101111011111100010000111110
01111100011111101111111111011111111111110111111011111100011111111110000001010111110000111111111110101111111111111111110111100010000111111111110111111111000100000111111111111111111110000111111101100000000001111111110001111111111101110011011110000000001011111000111111110101111111111111111000000111110000000001111111000011111101111111111111111111111110101010000001111111111111110000111111000010111111111111111111111111111110000111100111111111111111111000000000001111111111111111111111100001111111111001000111111110
11110000000111111111111100111110101011100001111111111111111100111111100001111100000011100111111110000011111001111111100011111100001111111111110011111011110100000111111111111111111111001111110011111111000001111111100011111111111100001111110111000010011100000000001011110000111111111111111001111111100011101111111111100001110101010111110111111111111111101110000001111111110111100001111111000010111111111111110111111011111000000011100011111110111111110000010000001111111111111111001111000001111000100111111111111110
11110000011111111111111110111101111111000001111111111111111111111110000001111101011111111111111100000010000001111111111111111111111111111111111111111111111110000011111111111111111111111111111011111111000011111111101111111000111101111111110001010100000011111100000011110000101001111111111100000111110011111111111100001111110101010000011111111111111111111110000111111111110111110011111111101010111111111111000011111111110000001111000001111100001011011111111100011111111111111111111110000011111100000111111111111110
11110000001111111101111110000001000011110000011111111111111010111111111111111111000111111111111111000000000001111111111111111111111111111111111111111011111000000011111111111111111111111101111111111111100111111110000111111100111111011111110101010110001111111110000111111110100000111111110111111111100111111111111000111111000111110001000111111110000111111000001111111111111111100011111111111111111111111111100011111111111000001110000001110000011000011111111100011111100011111111101111101111010000001111111111011111
11111000011111111111111111110111111111110000111110011111111011111111111111111111111111111111100111101010011111010111111000011111111111111111111111111111111100000011111111111111111111111100011111111111001111101110000111111000111111111111111101111000000111111111000111111111100000011111000111111100001111111111110000011111100011111100001110111111000101111000001111111111111111111001111111111111111110111111101011111111111100111100001111110101010000001111110101111111111110111111111010111111110000011111111111111110
01111100000111111111111111010111100011111100101110001111101011111111111111111111111100001110000111111111110000000011111100011111111111100010000011111111110000000111111101111111000111111101011111111111111111000100000000111011111111111101111111111110011111111110001111111111000000011111111111111110001111111111000001111111100000111110000110011110000001010000011111111111111111111000111111111111111000011111101011111111111111111100001111000101111110111111111111111101000000011111010000110111000011111111110101011111
01111111011111111111111111110111011111111100001100001111000011111111111111010111111000001000001111111111111110000011111100000000111111111110000010111111101000000111111111111110000111111111000111111111010100001110011111111001111111111101011111111100011111100111111111111110000000011111101111111111111111111110000001111111000001111110001111011111111100011000011111111111111111111101111111111111111110111111101011001111111111011000011111111111111111101111111111111101010000011101000000000111111111111110000111111111
11111110000111111110001111111111111111111110011111001111000011111111111100001111111100000000011111111111111000001111111110000011101111111111001110111111111111000001011111111111000011011111000111111111010101101010111000110001111001111100111111111111111100000000111111111110001100011111111111111111111111111010000001011111000111111111101111110000111000111100011111111111111111111111111111111111111111111111010000000111111111110000000111110011111111111111111111111111000001011100000000000011111111111110010111111111
01111111001111111110001111111111111111111110000111111111000011111111110000000111111100000000011110111111111110001111111110001010000011111111111111111111101110011111111111111111000111111111100011111111110111111111111111111101111000110000011111111010100000000011111111111100111111011111111111111111111111111010100000011100000111111111111111111101111111111000111111111111111111111111111111111111111111111111010000000111111111111000011111111100101110000111111011111110000011111110000110000111111110001101011111111111
11111111111111100000000010011111111111111110000111111111100011111100000000001111110100001110111110011111111100011111111111001111101000111111111111011111111111111100011111111111111111111111110111111110000111111011111111111111111111010001111110101011100000000001111111111111111110011111111111111111111111111111100000011100001111111111101111111000111111111100110001111111111111111111111111111111111111111110001010000111111111100000010011111000000000001111100011111111000111111100011111000111111100000101011111111110
01111111111111111110001000000110111111111110000111111111100011111110000000001111110111111110101000011111111110001111111111001111111110010101011101111110101000011111110111111111001111111001111111111110011111111111111111111111111110000111111111111111100000000111111111111111111100011111111111111111110111111111100101011100001111111111101111111100111111111111110001111111111111111111111111111111111111111110001010111111111111110001111011111000000000000111000001111100000111111111111111110011111110001101111110011100
11111111111111111111101110000000001111111111000111111111100001111100000000011111111111111111100000101111111111011111111111111111111100000101000111111111101000111111010111111111111111110111111111111100001111111111111111111111111111001111100000111111111010110000111111111111100000011111111111111111110101111111010101111100001111111111111111111111111110111101110000011111111111111111111110011111111111111110001010111111111111110001110001111110000000001111010111111100011111111111111111111110001100000000011111111100
11111111111111111111111000000000000011111111000111111111110001111100001000111111111111111111000000111111011111111111001111111111111110000101011111111100010000011111111111111110001111111111111111111100011111111110011111111111111111011111000000111111111111100000011111111111110000011111111111111111111111111111110101011100000111111111111100111111111110001111111000011111000011111111111110011111111111111111101111111111111111110001111111110000000000000101011111111101011111111111111111111101000010111111111110011110
01111111111011111111110111100100011111110111100111111111110101110101101000011111111111111101110010111101011111111111111111111110001110000111111111111111011110011111111111111110001010111111111111111000011111111000001111100001111100001111100000011111111111100000111111111111100000001111001111111111111111111111111100011000011111110111111111111111111110011111111100011111000000111111111100111111111111111111000110001111111110111011111011111111101011111001111111111111011111111111101111111111011110111111111110011110
11111111111111111111100011111111110001111111001111111111111111110001111000111111111111111100011011111100001111111111001111111100001111111111111111111101111100001111111111111100000011111111111111110000111111111100001111110001111111111111100000000111111111000000111111111111110000001111100111111111111111111111111100000000011111100111111110111111111111111111111100001110000000000011111111111111111111100111001110001011111111111010111111010111111111100111111111111101011111111111000011111111111111111111111100111110
01111111111110111111100111111111111111110001111111111111111111110011110000111111111111111101111111111101001111111111111111111110001111111111111111111111111000001111111111100111000011111111111100000000111111111110001111010111111111111111111000000111111111100001111111110111100000001111101111111111111111111111111100000001111111111111111111111111111111111111111110011110000000001111111111111111111111000001000000000001111111100010101011111111111111111111111111111110000111111111100011111110111111111111111000011110
00111110111111111111110111111111011111111000011111111111111111110001110000111111000011111111111111110001000111111111111111111100101111111111111111111111111000011111111100001111000111111111111000000000111111111110001111111111111111111111110000000111111111110001111001111111111000001010101111111111111101110001111100000001111111001111111110101111111111111111111110111111000001000111110001111111100111100111000110000000111111110000000000011111111111111111111111111100000111111111100001111000101111111111111000111100
00111111111111111111111111111111111111111100111111111111111111111111000001111111111111111111111111000011110111111111111111111110001111111111111111111111111100001111111000000111110101111111111110000000111111111110000111111111111111111111111100000111111111111001111101111110001111111010101111111111110001110111111010110111111111111111101111101111111110011111111111111111000011111111100001111111000011000011111100000101111111111000001011111111111111111111111101111110000000011111110111100000001011111111111000111100
00111111111111111111111111111111111111111100111111110111111111111111100011111111110111111111111111000011111111111111111111111110001111111111111111111111111110001111111100001111010101010111111111111000001111111000001111111111111111111111111000000101111101111001111101111111111111111011111111110000010000000001011011111111111100001111000111111111111100001111111111111101000111100000000000111110000010101111111111000101111111111010001110011111111111111111111111111110111100011111110000100000111001111111111110111110
01111111111111111111111111111111111111111110011111010101111111111111101111111111000111111111111111000011111111111110111111111100000111111111111111111011111110000011111110000111000110000111111111111111000001001000011111111111111111111000111100000101010001111001111111111000001111111111111111110100000000000111000011111111100001111111101111111111111110000011111111110000010111100000000111111100000010000001111111000111111011111110101111111111111111111111111100011111111111111101011110001000110000011111111111111100
01111111111111111111111111111111111111111100111111110111111111111111101111111100000011111111111111101111111111111110111111111110000111111111111111111111111110000110011111010101001110000011111111111111000000000011111111101111111111111111111111111111000001111111111111111111100011111111111111111111011100000010000000111111111000101111111111111111111111111111111111110000001110000000011111111100000111111100011111111111110001111110001111000111111111111111110000011111111111111111111100001111111000001111111111111100
00101111011111111111111111111111111111111111111111110111111111111111001111110000000000001111111111111111111111111100001111110000001111111111111111000001111111000000011111010101000010100111110111111111110000001111111110000011111010111001111111111111100001111111111111111010101111111111111111111111111000000111000111111111110011111111111111111111111111110111111011111100000010000000111111111000001111111100011111111111110000111110001111110111111111110111111000011111010111111111111100111111111100001111111111111000
00011110000111111111111111111111111111111111111111111111111111111111000111100000000111101111111111111111111111111100001111110111001111111111110101000111111111001110011111110111000111101111110001111111110010100011111111000011111011111111111111111111000101111111111111111111111000001111111111111111111110000011010111111111111111111111111111111111111111111111111010110000000010111111111111111110001111111111111111111111110000111111111111110111111111011111111010111101010111111111111111111111111100001111111111111100
00000000000011111111111111111111111111111011111111111111110111111111111010111000111110000001111111111111111000001110000111111111011111111111100000000010111111100100001111110111100011111111111001111111111110101111111111000001111100011111111101111111111111111101111111111111111110000111111111111011111111000111011111111111111111111111111111111111111111111111111011110000000011111111111111111111111111111110111111111111100000001111111111110101111110011111111111111011110111111111111011111111111111001011111011111100
00111100000011111111111111111111111111111011111111111111110011111111111011111110111111100000010101111111111100001110000111111111111111111110000000001111111111111110001111111111000111111011111000111111100000101011101111100001111100011111111111111110011110011101111111111111111110000111111111111111111110011100001111111111111111111111111101011111111111111111111110000000011111111111101111111111111111111111111111111111100000001111111111111111111111011111111111110011111001111111100011111111111111111010111000111110
11111000110001111111111111111111111111111111111111111101000011111111111011111111011111000001010100011111111000011110001111111111111111111110110000000111101111000100001111111111000011111000111100111111101111111111111111100011111100001111111111111111111111110001111100111111111111100111111111111111111110011110001111110111111110001011111100000011111111111111111111111000010111111111100011111111111111111111111000111111000000111111111111111111111111111111111111111111111001111111100001111111111111111110110001111110
11111110110001111111111111111111000111111111111111111100001111111111111111111111111111100001111100011111111100011110000111111111111111111100011100000011111111100101011111111111000011110001111110111111101011111111001111110001111100111111111111111100011111110000111101111111111111100111111111111111111110001100001111111011111100001111111000000011111111111111111111111111111111111111110111111111111111110011111100001111100000011111111111111111111111111111111111100111111111111111000010111111011111111111111001111000
11111110111001111111111111111111110111111111111111111000000111111111111000111111000011110001111000001100000000111110011111101111111111111111111100101010001111000001111111111110000001111001111110111111111111111110011111110101111111111111111011111000111111111001111111111111111011111111111111101110111111001000001111110011111110001111111100111001111111111111111111111111111101000001111111111111100111111111111000001111100000011111111111111111111111111111111111101111111111111111111110101111111100011100100011111100
11111111110000111111111111111111100000011111111111111100011111111111111111111111111111111100111000011100011110011111001110000001111110111111111110111001111111100001111111111111000001110000011110111111111111111111111111111101011111111111110001111100111111111101111111111111100011111111100010101000011111100000011111111111111111111111010101110001111111111111111111111111111111111111111110001110000011111111111100000110101100011111111101111111111111111111111111111111111111111111111111111111111110000110000011111100
00111111111001111111111111101111100000000110001111111101011111111111111111111001110011111101111100011101010100011111111000000000111111111111111111111111111111100000111111111111000111110000111100011111111111111111111111111111011111111111110111111101111111111111111111111000000011111111111010100000011111100000011111000111111111001101010101111000111111111111110111111111111111000001111110000000000001111111111100000010001111001111111111111111111111111111100011111111111111111111111111111111111100000000000011111110
00001111100011111110011111101111110000111100000001111111111111111111111111111011110011111101111100111111011110001111100000000000111111111111111111111111111111100000111111111111111111100011111100011111111111111111111111111111111111111111111100011110011111111111111011111000100001111111111010100000011111111000111110000000011111100000011111111000111111111111110111111111111111110001100000001111010011111111111100000010011111011111110000011111111111111111000001110111111111111111111111111111111110000000111111111110
00010000001111111110001111111011101111000000000001111111111111111111111111111111100011111101111110111111110100001111100001000000111111111111110111111111110111000000111111111111111111101011111000011111111111111111111111111111111111111101111111111000000111111111111111111000000001111111111111111001111111111000001110001100011111000001111111111000001111111111111111111110001111000111111111001111111111111111110101001010111111111111111000111111111111111111000000000111110111111111111111111111111100000001111111111110
00100000011111111100001111111010111111111100000001111100111111111101111111111111100011110000011101111111111110011111000011110000101010111110010001111111110100001111111111111111111110101111111000111100111111111111111111111111111111100000111111100000001111111111110011111111110000111111111110100111110111111111100010101111111111000001111111111000000001111111111111111100000010011111111111111111111111111111100101010111111110111111010000001111111111111111110000100011111110111111111111111111111110000001111111101110
01110000111111011000001111111011111111111000000011110000101011111100111111111111110011000000111110011111111110011111110111111110101000111100000111111111111100000011111111111111111010101111111010111101111111111111111110111111111111111000001111111000000111111111111111111111110001111111111111111111111111111111000111111111111111000011111111111110000011111111111111111111000110011111111111111111111111111111110101011111111100011111111101110111111111111111100010111101010011111111111111111111111000100011111111001110
01111011111111000000111111111111111111111110101111100001101001111100011111111111111111110000000000101011111111111100010111111110101000011101111111111101111000011111111111110101111010001111111110101001111111111111111110111111111111111110111111111011100010111111111111111111111001111001010001111111111111111111110111111111111110000001111111111110000011111101011110111111100000011111111111111111111111101111111111111111111000011111111111110011111111111110111110111111011100111111111111111100111111100010111111111110
01111111111110000001111111111111110001111111111111111111100001111110010111111111111111111101111110101011111111111000011111111111111010110111111111110000111111111010111111010111100000000111111110100111111111111100001011111010111111111111101111101111100000111111111111111111110011110000000011111111111111111111101111111111001111100111111111111111100111100000000010001110001110011111111110000111111111111111111111111111111100011111111111110000111111111110000001111101010111111111101111110001111111111000111111111111
01111111111111000011111110111111111000101111111111110111110011111111011111111111111111111111011111111111000011111000010111111111111010010111111111110000111111111110111111111111100010000011111111000000111111111110111111111010101111111111111110100011111000111111111111010111110011110000000011111111111111011111100011111111001111111111111111110111101111100010100000011111111000000111111111111111111111101111111111111111111111111111111111111111111111111110001111010000011110011110100111100101111111100000011101111110
01111111111111111111111110001111111000001111111111111111100111111111111111111111111111111111111111111110000011100000000111111111111010000111111111100000011111111111111111111111111010000010111001000010011111111100111111100000000111111111111010000111111000011111111100000111110111110000100011111111111111111110000111110100001111111111111110000111111111101011100000001110111000000111111111111111111011111111111100111111111111111111111111111111111010111100000000010000011111111110100011111111111111110000111001011111
01111111111111111111111110000111111100001111111111111111111111111111111111111100111111111111011111111111100011110000011111111111111010000011111111110000111111111111111111111111101111100000111101000010000111111100111111100111000011111111111110001111111101111111111110000111111111111011100011111111111111101110000011110101011111111111111111000001111111111111111000111111100000010111111111111111110001111111111000010001111111111111111110111111111110111110010101110100001000010010100011111111111111110000111100001111
11111111111111111111111111000011111110011111111111111111111111111111111111111100111111111101111111111111110111110000011111111111111110000011111111100000011111111111111111111111111111100000111000000011100111111100001111111111000011111111111110111111111101011111111110001111111111111101110111111111111111111000001111111111011111111111111111100001111111111111111110111110000000111111111111111111110001111111110000000000111110011111110000110001111010111100011100111100000011111010100011111111111111110001111100001110
11111111111111111111111110000011111111011111111111111111111111111111110111111101111111111100111111111111111111111000111111111111111110000011111111111000111111110111111111111111001111110000111111100111110111111100000111111111101001111111111111111111111000111111111111111111111111111101010111111111111111111000001111111110111111111111111111110000111110100001111111111110000001111111111111111111110011111111000000000000111000001111110000010101011111111110011111111110000011111000000111111111111111111101111110011111
11111100011101111111111110000011111111011111111111111111111111111111110001110111111111111101111011111111110111111000011111111111111110000111111101010101011111000111111100011111111111110001111100000011110111111110000111111111111111111111111111111111111000001111111111111111111011111101111111111111111000111001011111111100111111111111111111111000010000000001111111111110000111111111011111111111110011111111111110001100000000101111100001011101010010111100111111010100001111111100000011111111111111111101111111111111
01111000011110111011111100000011111111011111111111111111111101111111110001111111111000111111111001111100000111111100011111110001111111010101110001111101000010000011111111111111111111111101111111110111111001111110000011111111111111111111111111111111110000111111111111111111111011111000111111111111111001111111111111111100011110011111111111111101000000000000001111111110010111111100011111111111100111111101011111110001111101111111111101011111111111111110111101000100000111111000000011111110111111111111111111111110
00111100001111111111111100000001111111000111111111111111111101010101110000111111100000011111111000111111000011111110011111110000111111011101110011111111000000000011111101111111111111111111111100000111100001111110000000011111111111111010111111111111111000101111111111111111111111111111111111111111111101111111100111110000111111111111111111111111000000010000001111111111111111111110011111111111111111111101111110001000111111111111111000011111111000011111111000010110001111110000100011111110011111111111111111111111
00011111001111110011111110000111011111000011111111111111111101111111110001111111000010011111111101111100000111111111111111110000111111011001110011111110000000000010111111111111111111111111111111111111110001011010000000000111111111111000001111111111100000001111111110011111111111111101111111111111111111111111100111110000011111111111111111101111110000010001111111111111111111111001111111111111111111110101111111110001111111111111111000001111111100111111100000011111100111111111101011101000011111111111111111111110
01111111111111100011111110000000011111100011111111111101111111110011111001111111100000001111110111111111000001111111111101111000111111001111110111111111110000000001111111111111111111111111111111010111100001010000000000000000000111111000000111111111111100000000111000001111111111111111111111111111111111111011100111110000011111111111111111000111111101010101111111111111111111111111111111110111111111111101111000010001111111111111110000011111110000011111110001111111110101010111111111100000001111111111111111111110
01111111111111111001111111000100011110000011111111111000111111111111111011111111100000111111111111111111110111011111111101111110111110001111111111111111111100000000011111110101111111111111111111001111101111110000000001011000000111111010000111111111111100000000000000000111111111111011111101111111111111111111110111010100111111111111111111000111111111010011111111110111111111111111111111111111111111111111111011111101111111111111110101111111110001111111100001111111110011110111111111111000011000111111111111111110
11111111111111111001111100000000011101110111100011110000111111110011111011111111111000111111001111111111110000011111111111111111111110001111111111111111111100010000101111110100011111111111111111101010000111111100000001111000011111111111111111111111111101000000010000000000111111111011111000111111111111111111111111110100011111111111111110000011111111000011111001111111111111111111111111000010111111111111110000010101111001111111011111111111000011111111110111111111110111110011111111111000000000111111111111111110
00111111111111111100011100011000111100000111111111111000001111111111000011111111111000111111111111111111111100001111111111111001111100000111111111111111111110000000000011111100000111111111111110100011111111110001100011111100111101111111111111111010100000000000111100000001111111111111111000111111010111111111111110011111111111111111111111000011111110000011111111000001111111010111111111000011111111111111111111111101011111111111111111111111111111111111110111111111110111100011111111111100010000111111111111111110
00001111110111111000010000011100001000000111110011111010000111110100000001111111111111111011101111000111100000001111111111111001111100011111110111111111111001000000101111111110000111111111111010111111001111110111111000010000011101111111111111110000000000000001111100000001111111111111110000111100000101111111111000111111111111111111111100000011111111000111111000000000011111000011111111000011111111111111111100011101010001111111111111111111111111111111111111111111110011110011111111111100111100010111110111111110
00001111000011111111010000111100000010100111110111101010000111111100000110010100111111111000111111111111111000000011010111111111111110111111111111111111100011110000111111111010000111111111111111111111111111000011111110000000010101111111111111000000000000000011111000000011111111000111111100011000000000011111110100111111111111111111111111110000111111111111111110000000011111010001111111100111111101010111111111110101010101111111111111111111111011111111111111111111100011100011111111111111111111110111110111111110
00001111000111111111000000011110000111110111110001110011100101111100001111011100011111110000001111111111110000000000011111111111111111111111111111111111110001111011111111000000000111001011111111111111111111011111111100001000010111111111111111100000000100000111111000000111111111111111111100111100010000111011110000111111111111111111111111111010011111111111111111000000001111110000011111100111111001111111111111001111010000111111111111111111110011111111111001111111100001111111111111111111111111111101110111111110
00011111000111111111100000001111000111111111110011100001110101111110011111110000000001010100001111111111111000000000011101111111111111111111111111111111111111111111111111100000000111111011111111111111111111000111111111111110011111111111111111010100010100001111111000001111111111111111111110111111110000111111111111111111111111111110111111111110011111111110001111110000111110111000011111000011110000111111111111100111000000011111111111111111110011110111111111111111110001011111111111111111111111111111111011101110
00011111111111111111100001111111000111110111111010100011111101111110111111111000000000010111000111111101111000000000011111111111111111111111111111111111111111111111111111000000001010001010111101111010111111111111111010111111111111111111111111111101111100001111111100001111111111111111111110111111111011111111111111111111111111111110111111111111111111111000001111111111111100001000110101111111000001111111111111111111000000000011111111111111111111110111111011111111110000011111011111111111111111111000101111101111
01110111000011111111110111111110000001110111111010000111110111111111011111110000000000000111111111111101111100000001111101010111111111100111111111111111111111111110100101000000001010011111110000000000111111110111111011111111111111111111001111111111111100001111111100011111111110001111111111111111111000111111111111111111100100101000011111111111111111110000001111111111111010001011111101011100000001111111101111110111110111111111111110001111111111100111111111111111110000011111111111111110111111111000001110001111
11110111111111111111111111111110000001010111111110101111110001111111011111111000111100001111111111000000111000000000011111110111111111111111101111111101111111111010000000000111101000011110000000000001111111111111111111111111111111110101111111111111111110111101111110011111111000001111111000100011111111111111111111111111000100001000011111010111111111100000001111111111001110001111111111111110000001111111101111101111111111111111111111000111111111101111111111111111100000111111111111110000111111111000001111011111
11111111000000001111111111111100000111111111101010111111110011111101010101000000111100000111111110000001111100110001111111110111111111101111101111111101011111110000000000001111111000111111100000010001111111110111111001111111111111111111111111111111111111111111111111111111111000000111111000000001111111111111111111111111000000111111010101010001011111110000001111111111111111100111111111111100100001111111001111111011111111111111000100011111111110001111111111111111110000111111111111111000011111110001011110001111
11111111000011100011111111111110000111111111111111111111111111111101010111110011111101011111111110000001111101111000111111010111111111111111000111111101010111110011000000001111111000111111000001110101111111111111111110111011111111111111111111111111111111111000111111111111100000011111111000000000111111111111111111111111100000111111000001110011011111000000011111111110011111100111111111111100111011111111001111111111111111111110000000011101111000011111111111111110000010101111111111111100011111100001110110001111
011111100000001100011001111111100001111111111111111111111111111100000001111101011111000111111111000000111111011110011111110101111111111111110001111111010101011010110001110011111111011111111000001111111111100101011110101010011111111111111111111111111111111111111111111111100000011111111110100011111111111111011111111110101010111111111100011111111111110000000111111111111111111111111111111100011S0111111110001111111000011111111111100001111000000000011111011111110100001011111111111111111110011111110011100110001111
11111110001000000001111111111111001111111111111111111111111111111110001111111111111100011111111110000111111111111111111111011111111111111111010101111111000101111111111111110111111101111111000011111111111010010111111111110001111111111111111111111111111111111111111111111111000111111110101110111111111111110101011111111110111111011111110111111111111110101000011111111110111111111111111111100000010111111110000111111010011111111111000111110000000000011111011111100000000111101111111111111111001100000000000011101110
01111110001000111111111111111101001111101111111111110011111111110000001111111111111100011111111100000101011111111000111111111111111011111111010101111110001111101111111111111111111101111111111111111111111110000111111111111011111111111111101111111111111111111111111111111110000111111111111110111111111111110100011111111011111111111111111111111111111010111110011111111111110001111110111111111000000111111110000111111000001111111111111111110000101000111110001111100000000111111111111010101111101111111010000111111110
11111100000000111111111111111111111111000011111111110000100011111111111111111111111110000111111110000100001111111100111111111111110001111111000001111111100111111111111111111011111101011110001111111111111111001111111111111111111111111111101111111111111111111101111111111111101111111111111111111111111111110110000111111001111111111111111111111111111111111100001111111111100000111110011111001110000011111111110111100000001110001110111111111011111110111111111110000000011111001100000010111111100011111110000011111110
01111100000001111111111111111111111111100010111111010110101011111000011111101111111110000001111110011100000111111100011111111111110011110001000111111111111111111111111111111111110100001110011111111111111111111111111111111111111011111111000111111000111111111101111111111111111111111111111111111111111111011111010101110011111001111111111111111111111001111100001111111111110000010100001110011100001010100011111111000000000110000011111111111001111111111110001000000000011111111111111101000111111111111000000111111110
00111000001111111111111111111111111111100011111111011111111111111111111111001111111111100000111110111000000111111101111111111111111001000111100111111111111011111111111111111111110000011111011111111111101011111111111111111111111111111110000111110000111111111111111011111111111110011111111111111111111010011111110101011111111100011111111111111111111111111100000111111111000001010000001000001111111100000011111111000000011100000000111111111111111111111111111000000000011110011110001111010111110111111000000000001111
00000000001111111111010111110111111111101000011111001111111111111110111110001111111111010101111111111110100011110001011111111111111111000111101011111111111111111111111111111111010000111111111111111110000011111111111111111111111101011010001111110000111111111111111111111111111100011111111111111111111000011111110100011111111000000111111111111111111100010000000001111111000000101011000000000111111110000111111110000101111100000011111111111101111111110000101000100000011111111111111111000001111111110000001110000110
00000000111111111111110111111111111111101111111110001111111111111111111111111111000111111111101001111000101111100001111111111111111000011111111111111111111011111111111111111111110000111111111111111000000011111111111111111111111111000100001111100001101100011111111111111111111100011111101111110011111001111111111100011111111110000011111111111111111111000000000011111111110111111111100000001111111010111111111111100111111000000011111110000111111101111000000000111100001110111111111111010111111011111000011000000111
00000011111111111111111111111111111111111111111111101111111111111111111100011111000111111111101111111000111111000000011111111111111110001111100011111111111111111111111111111111111101111111111111101100001111111111111111111111111111000101011111111111111000001111111111111111110100011111111111110111111101111111111000011111111000010111111111111111011100000000000001111100011111101111110000101111100011111110101111111111111100011111111000010111111111110000001011111000001111111111111111000011100011111001111110000111
00100111111111111111111111111111111111111111111111111111111111111111111111111111000111111111101001110001111110010000011111111111101010111111100111111111111111111111111111111011111111111111111111110000111111111111111111111111110101010101011111100111111110001111111111111111111100111111111111110011111111110000111000011111111111111111111111111111111111100001000111111111111111111111101011111111110000111111101111111111111111111110111000000111111111110001000011111100011111111111111111011111111111111101010000000010
00111111111111111111111111111111111111000111111111111111111111111111111100001111100101111111101001111101111110011101111111111100011110011111000011111111111111101011111111111111111111111101111111001110001111111111111111111111100111110111111111111111111010111111111111111111111101011010111111100011111100000000100001111111111101111111001010111111111100111100000011111101111111111111111111111111110000111111011111111111111111111111111000001111111111000001111111111000111111111111111110000011111111111101010001000000
00111111111111110001111111111111111111000000011111111111111111111111111111111111110001111111111000011111111000111111111111111111111000111110000111111111111111101111111111111111111111111111111111000111000001111111111111111111100001111111011110000101111011111111111111111111111111111111111111111001111111110000010000111111111111111111001110011111111101111111111111111111111111111110101111111111111100011111111111011111111111111111111100001111111111000011111111111101111111111000111110111111111111111110100001110000
00111111111111110000000011101111111110000000010111111111111111001111111111001111111000011111111000111110111111111111111111111100111100011111000011111111111110000000010111111111111111111111111110001100000000010111111111011111101111111111011100011111110000111111111111111111111111111111101111000001111111110101010101111111111110111111111110000111111111111111111111111111111111111000001111111111111100010100011111000110001111111111111100011111111111000001111111110001111111111100111110111000111111111110111011111000
01111111111111110000000001100011111110100000011101111110101100000111111111100011111000010101110000001000001000111111111111111001110000011111000000111111111110000000000011111101111111110111111100000000000000010101111101010111110000111110000100001001100000111111011111111111111111111111111111000000111111110101010100011111111110001111111111000111111100111111111111111111111111111000000111111111111000000100000100000000011111111111111100001110001110000001111111100011111111010000101000111100111111111111111111111100
00010010100101010000000001000001110000001000000001010000000000000000011110000000101000000000000000000000000000101001111000100000010000010101000000000001111000000000000001110000001000010000000000000000000000000000000000000111110000111110000000001000000000000000000000000000001111111010000100000000010111000000000000001111100000000011110100000001111100100010111111010101011010000000000000111111100000000000000000000000000111100000000000001010001010000000011010000000111100000000000000000000001010111101101111111000
